Name,T,0,1,2,3,4,Defender,Attacker,Profile,Profile,Profile,Profile,Profile,Profile,Profile,Profile,Profile,Profile,Profile,Profile,Profile,Profile,Profile,Profile,Profile,Profile,Profile,Profile,Profile,Profile,Profile,Profile,Profile,Profile,Profile,Obs0,Obs1,Obs2,Obs3,Obs4
FB1_vs_sta1_no_obs,1000,5,3,8,4,9,FB1,sta1,sto1-0.36400000000000005-0.08700000000000001-0.40700000000000003-0.13000000000000003-0.012000000000000002,sto1-0-1-0-0-0,sto1-0.025-0.025-0.025-0.025-0.9,sto1-0.0-0.036-0.017-0.86-0.087,sto1-0.9-0.1-0-0-0,sto1-0.04095904095904097-0.11288711288711291-0.3236763236763237-0.1038961038961039-0.4185814185814186,sto1-0.215-0.028-0.15-0.092-0.515,sto1-0.184-0.531-0.217-0.056-0.012,sto1-0.036-0.089-0.767-0.083-0.025,sto1-0-0-1-0-0,sto1-0.025-0.025-0.9-0.025-0.025,sto1-0.025-0.025-0.025-0.9-0.025,sto1-0-0-0-1-0,sto1-0.9-0-0-0-0.1,sto1-0.9-0.025-0.025-0.025-0.025,sto1-0-0-0-0-1,sto1-0.92-0-0.07-0-0.01,sto1-0.434-0.015-0.086-0.205-0.26,sto1-0.025-0.9-0.025-0.025-0.025,sto1-0.9-0-0-0.1-0,sto1-0.049049049049049054-0.1691691691691692-0.17117117117117117-0.10210210210210209-0.5085085085085085,sto1-1-0-0-0-0,sta1,sto1-0.333-0.109-0.022-0.422-0.114,sto1-0.9-0-0.1-0-0,sto1-0.28-0.255-0.235-0.101-0.129,sto1-0.2-0.2-0.2-0.2-0.2
FB1_vs_sta1_obs,1000,5,3,8,4,9,FB1,sta1,sto1-0-0-1-0-0,sto1-0.434-0.015-0.086-0.205-0.26,sto1-0-1-0-0-0,sto1-0.025-0.025-0.9-0.025-0.025,sto1-0.9-0.1-0-0-0,sto1-0-0-0-0-1,sto1-0.036-0.089-0.767-0.083-0.025,sto1-0.215-0.028-0.15-0.092-0.515,sto1-0.0-0.036-0.017-0.86-0.087,sto1-0.025-0.025-0.025-0.9-0.025,sto1-1-0-0-0-0,sto1-0.9-0-0-0.1-0,sto1-0.92-0-0.07-0-0.01,sto1-0-0-0-1-0,sto1-0.04095904095904097-0.11288711288711291-0.3236763236763237-0.1038961038961039-0.4185814185814186,sto1-0.025-0.9-0.025-0.025-0.025,sto1-0.36400000000000005-0.08700000000000001-0.40700000000000003-0.13000000000000003-0.012000000000000002,sta1,sto1-0.9-0-0.1-0-0,sto1-0.025-0.025-0.025-0.025-0.9,sto1-0.333-0.109-0.022-0.422-0.114,sto1-0.28-0.255-0.235-0.101-0.129,sto1-0.9-0.025-0.025-0.025-0.025,sto1-0.2-0.2-0.2-0.2-0.2,sto1-0.9-0-0-0-0.1,sto1-0.049049049049049054-0.1691691691691692-0.17117117117117117-0.10210210210210209-0.5085085085085085,sto1-0.184-0.531-0.217-0.056-0.012,0.75,0.75,0.75,0.75,0.75
