Name,T,0,1,2,3,4,5,Defender,Attacker,Profile,Profile,Profile,Profile,Profile,Profile,Profile,Profile,Profile,Profile,Profile,Profile,Profile,Profile,Profile,Profile,Profile,Profile,Profile,Profile,Profile,Obs0,Obs1,Obs2,Obs3,Obs4,Obs5,Feed_prob0,Feed_prob1,Feed_prob2,Feed_prob3,Feed_prob4,Feed_prob5,Feed_type
FB1_vs_suqr1-12.832-0.135,1000,0.69,0.787,0.991,0.825,0.754,0.78,FB1,suqr1-12.832-0.135,sto1-0.12-0.286-0.221-0.187-0.16-0.026,sto1-0.086-0.33-0.037-0.304-0.114-0.129,suqr1-13.001-0.491,suqr1-12.832-0.135,sto1-0.033-0.453-0.246-0.021-0.084-0.163,suqr1-12.939-0.743,suqr1-6.874-0.412,suqr1-8.72-0.91,suqr1-14.169-0.396,sto1-0.017-0.035-0.373-0.371-0.084-0.12,suqr1-7.545-0.841,sto1-0.201-0.207-0.313-0.002-0.114-0.163,sto1-0.2517482517482517-0.12087912087912087-0.1928071928071928-0.01798201798201798-0.023976023976023973-0.3926073926073926,sto1-0.174-0.087-0.243-0.077-0.241-0.178,sto1-0.136-0.369-0.143-0.038-0.275-0.039,sto1-0.135-0.348-0.021-0.396-0.099-0.001,suqr1-10.048-0.387,suqr1-12.956-0.889,suqr1-11.824-0.087,sta1,sto1-0.126-0.234-0.28-0.29-0.007-0.063,1,1,1,1,1,1,1,1,1,1,1,1,mab
