Name,T,0,1,2,3,4,5,Defender,Attacker,Profile,Profile,Profile,Profile,Profile,Profile,Profile,Profile,Profile,Profile,Profile,Profile,Profile,Profile,Profile,Profile,Profile,Profile,Profile,Profile,Profile,Obs0,Obs1,Obs2,Obs3,Obs4,Obs5,Feed_prob0,Feed_prob1,Feed_prob2,Feed_prob3,Feed_prob4,Feed_prob5,Feed_type
FB1_vs_suqr1-12.908-0.53,1000,0.887,0.93,0.939,0.985,0.877,0.947,FB1,suqr1-12.908-0.53,suqr1-8.312-0.25,sto1-0.19919919919919923-0.10010010010010012-0.09609609609609611-0.2852852852852853-0.12012012012012013-0.19919919919919923,suqr1-8.279-0.055,sto1-0.265-0.1-0.242-0.019-0.351-0.023,suqr1-9.442-0.956,sto1-0.39560439560439564-0.16083916083916086-0.08391608391608393-0.16083916083916086-0.07392607392607393-0.1248751248751249,sto1-0.16683316683316687-0.17782217782217782-0.34565434565434566-0.0009990009990009992-0.17982017982017984-0.1288711288711289,sta1,sto1-0.475-0.128-0.016-0.052-0.07-0.259,suqr1-10.125-0.604,suqr1-9.251-0.03,sto1-0.06106106106106105-0.21821821821821819-0.1421421421421421-0.41141141141141135-0.016016016016016016-0.15115115115115113,sto1-0.28171828171828167-0.0779220779220779-0.16483516483516483-0.33466533466533466-0.003996003996003996-0.13686313686313686,sto1-0.026-0.026-0.043-0.195-0.701-0.009,sto1-0.532-0.17-0.134-0.099-0.034-0.031,suqr1-10.203-0.807,sto1-0.312-0.081-0.142-0.225-0.121-0.119,suqr1-9.204-0.332,suqr1-5.121-0.818,suqr1-12.908-0.53,suqr1-11.848-0.558,1,1,1,1,1,1,1,1,1,1,1,1,mab
