Name,T,0,1,2,3,4,Defender,Attacker,Profile,Profile,Profile,Profile,Profile,Profile,Profile,Profile,Profile,Profile,Profile,Obs0,Obs1,Obs2,Obs3,Obs4,Feed_prob0,Feed_prob1,Feed_prob2,Feed_prob3,Feed_prob4,Feed_type
Full_feedback,1000,0.886,0.891,0.718,0.644,0.777,FB1,sto1-0.015-0.214-0.405-0.313-0.053,suqr1-14.505-0.865,sto1-0.06593406593406595-0.5764235764235764-0.07792207792207793-0.24375624375624377-0.03596403596403597,suqr1-13.405-0.762,sto1-0.17317317317317316-0.04704704704704705-0.2722722722722723-0.013013013013013013-0.4944944944944945,sto1-0.015-0.214-0.405-0.313-0.053,sto1-0.152-0.057-0.245-0.111-0.435,suqr1-5.878-0.14,sto1-0.435-0.106-0.287-0.092-0.08,suqr1-11.735-0.709,suqr1-12.128-0.236,sta1,1,1,1,1,1,1,1,1,1,1,full
MAB_feedback,1000,0.886,0.891,0.718,0.644,0.777,FB1,sto1-0.015-0.214-0.405-0.313-0.053,suqr1-14.505-0.865,sto1-0.06593406593406595-0.5764235764235764-0.07792207792207793-0.24375624375624377-0.03596403596403597,suqr1-13.405-0.762,sto1-0.17317317317317316-0.04704704704704705-0.2722722722722723-0.013013013013013013-0.4944944944944945,sto1-0.015-0.214-0.405-0.313-0.053,sto1-0.152-0.057-0.245-0.111-0.435,suqr1-5.878-0.14,sto1-0.435-0.106-0.287-0.092-0.08,suqr1-11.735-0.709,suqr1-12.128-0.236,sta1,1,1,1,1,1,1,1,1,1,1,mab
