Name,T,0,1,2,3,4,Defender,Attacker,Profile,Profile,Profile,Profile,Profile,Profile,Profile,Profile,Profile,Profile,Profile,Obs0,Obs1,Obs2,Obs3,Obs4,Feed_prob0,Feed_prob1,Feed_prob2,Feed_prob3,Feed_prob4,Feed_type
Full_feedback,1000,0.796,0.957,0.959,0.76,0.658,FB1,sto1-0.775-0.068-0.034-0.087-0.036,suqr1-7.168-0.282,suqr1-9.413-0.238,sto1-0.09290709290709291-0.5594405594405596-0.08691308691308691-0.2067932067932068-0.05394605394605395,suqr1-12.081-0.642,sto1-0.044000000000000004-0.06800000000000002-0.24400000000000002-0.41700000000000004-0.22700000000000004,sto1-0.775-0.068-0.034-0.087-0.036,suqr1-7.15-0.318,suqr1-12.89-0.709,sta1,sto1-0.355-0.217-0.038-0.027-0.363,sto1-0.4514514514514515-0.05405405405405405-0.14514514514514515-0.22922922922922923-0.12012012012012012,1,1,1,1,1,1,1,1,1,1,full
MAB_feedback,1000,0.796,0.957,0.959,0.76,0.658,FB1,sto1-0.775-0.068-0.034-0.087-0.036,suqr1-7.168-0.282,suqr1-9.413-0.238,sto1-0.09290709290709291-0.5594405594405596-0.08691308691308691-0.2067932067932068-0.05394605394605395,suqr1-12.081-0.642,sto1-0.044000000000000004-0.06800000000000002-0.24400000000000002-0.41700000000000004-0.22700000000000004,sto1-0.775-0.068-0.034-0.087-0.036,suqr1-7.15-0.318,suqr1-12.89-0.709,sta1,sto1-0.355-0.217-0.038-0.027-0.363,sto1-0.4514514514514515-0.05405405405405405-0.14514514514514515-0.22922922922922923-0.12012012012012012,1,1,1,1,1,1,1,1,1,1,mab
