Name,T,0,1,2,3,4,Defender,Attacker,Profile,Profile,Profile,Profile,Profile,Profile,Profile,Profile,Profile,Profile,Profile,Obs0,Obs1,Obs2,Obs3,Obs4,Feed_prob0,Feed_prob1,Feed_prob2,Feed_prob3,Feed_prob4,Feed_type
Full_feedback,1000,0.954,0.934,0.914,0.956,0.865,FB1,sto1-0.063-0.478-0.006-0.155-0.298,sto1-0.131-0.144-0.032-0.176-0.517,suqr1-9.269-0.428,sta1,suqr1-7.16-0.658,sto1-0.063-0.478-0.006-0.155-0.298,suqr1-7.469-0.115,sto1-0.003-0.374-0.16-0.353-0.11,suqr1-9.771-0.409,sto1-0.368-0.111-0.363-0.108-0.05,sto1-0.3246753246753247-0.0889110889110889-0.39160839160839156-0.0949050949050949-0.09990009990009989,suqr1-14.026-0.473,1,1,1,1,1,1,1,1,1,1,full
MAB_feedback,1000,0.954,0.934,0.914,0.956,0.865,FB1,sto1-0.063-0.478-0.006-0.155-0.298,sto1-0.131-0.144-0.032-0.176-0.517,suqr1-9.269-0.428,sta1,suqr1-7.16-0.658,sto1-0.063-0.478-0.006-0.155-0.298,suqr1-7.469-0.115,sto1-0.003-0.374-0.16-0.353-0.11,suqr1-9.771-0.409,sto1-0.368-0.111-0.363-0.108-0.05,sto1-0.3246753246753247-0.0889110889110889-0.39160839160839156-0.0949050949050949-0.09990009990009989,suqr1-14.026-0.473,1,1,1,1,1,1,1,1,1,1,mab
