Name,T,0,1,2,3,4,Defender,Attacker,Profile,Profile,Profile,Profile,Profile,Profile,Profile,Profile,Profile,Profile,Profile,Obs0,Obs1,Obs2,Obs3,Obs4,Feed_prob0,Feed_prob1,Feed_prob2,Feed_prob3,Feed_prob4,Feed_type
Full_feedback,1000,0.673,0.955,0.944,0.66,0.852,FB1,sto1-0.022-0.169-0.362-0.028-0.419,suqr1-7.697-0.809,sto1-0.481-0.295-0.011-0.155-0.058,sta1,suqr1-12.779-0.776,sto1-0.054000000000000006-0.17700000000000002-0.4590000000000001-0.21900000000000003-0.09100000000000001,sto1-0.118-0.178-0.365-0.201-0.138,suqr1-10.628-0.843,sto1-0.022-0.169-0.362-0.028-0.419,suqr1-14.718-0.274,sto1-0.051-0.207-0.053-0.098-0.591,suqr1-12.334-0.943,1,1,1,1,1,1,1,1,1,1,full
MAB_feedback,1000,0.673,0.955,0.944,0.66,0.852,FB1,sto1-0.022-0.169-0.362-0.028-0.419,suqr1-7.697-0.809,sto1-0.481-0.295-0.011-0.155-0.058,sta1,suqr1-12.779-0.776,sto1-0.054000000000000006-0.17700000000000002-0.4590000000000001-0.21900000000000003-0.09100000000000001,sto1-0.118-0.178-0.365-0.201-0.138,suqr1-10.628-0.843,sto1-0.022-0.169-0.362-0.028-0.419,suqr1-14.718-0.274,sto1-0.051-0.207-0.053-0.098-0.591,suqr1-12.334-0.943,1,1,1,1,1,1,1,1,1,1,mab
