Name,T,0,1,2,3,4,Defender,Attacker,Profile,Profile,Profile,Profile,Profile,Profile,Profile,Profile,Profile,Profile,Profile,Obs0,Obs1,Obs2,Obs3,Obs4,Feed_prob0,Feed_prob1,Feed_prob2,Feed_prob3,Feed_prob4,Feed_type
Full_feedback,1000,0.866,0.849,0.901,0.894,0.727,FB1,sto1-0.042957042957042946-0.3246753246753247-0.11488511488511488-0.4635364635364635-0.05394605394605394,sto1-0.042957042957042946-0.3246753246753247-0.11488511488511488-0.4635364635364635-0.05394605394605394,sto1-0.145-0.307-0.305-0.203-0.04,suqr1-12.452-0.516,suqr1-9.264-0.689,sto1-0.259-0.015-0.233-0.3-0.193,sta1,suqr1-8.471-0.743,sto1-0.102-0.214-0.325-0.212-0.147,suqr1-6.274-0.101,suqr1-9.752-0.76,sto1-0.135-0.155-0.072-0.598-0.04,1,1,1,1,1,1,1,1,1,1,full
MAB_feedback,1000,0.866,0.849,0.901,0.894,0.727,FB1,sto1-0.042957042957042946-0.3246753246753247-0.11488511488511488-0.4635364635364635-0.05394605394605394,sto1-0.042957042957042946-0.3246753246753247-0.11488511488511488-0.4635364635364635-0.05394605394605394,sto1-0.145-0.307-0.305-0.203-0.04,suqr1-12.452-0.516,suqr1-9.264-0.689,sto1-0.259-0.015-0.233-0.3-0.193,sta1,suqr1-8.471-0.743,sto1-0.102-0.214-0.325-0.212-0.147,suqr1-6.274-0.101,suqr1-9.752-0.76,sto1-0.135-0.155-0.072-0.598-0.04,1,1,1,1,1,1,1,1,1,1,mab
