Name,T,0,1,2,3,4,Defender,Attacker,Profile,Profile,Profile,Profile,Profile,Profile,Profile,Profile,Profile,Profile,Profile,Obs0,Obs1,Obs2,Obs3,Obs4,Feed_prob0,Feed_prob1,Feed_prob2,Feed_prob3,Feed_prob4,Feed_type
Full_feedback,1000,0.928,0.966,0.899,0.92,0.884,FB1,sto1-0.004004004004004004-0.25425425425425424-0.26126126126126126-0.06306306306306306-0.41741741741741734,sto1-0.036-0.266-0.041-0.641-0.016,suqr1-9.101-0.15,sto1-0.098-0.268-0.344-0.055-0.235,suqr1-12.524-0.004,sta1,sto1-0.007-0.008-0.733-0.052-0.2,suqr1-8.233-0.284,suqr1-9.919-0.779,suqr1-7.858-0.808,sto1-0.004-0.246-0.387-0.081-0.282,sto1-0.004004004004004004-0.25425425425425424-0.26126126126126126-0.06306306306306306-0.41741741741741734,1,1,1,1,1,1,1,1,1,1,full
MAB_feedback,1000,0.928,0.966,0.899,0.92,0.884,FB1,sto1-0.004004004004004004-0.25425425425425424-0.26126126126126126-0.06306306306306306-0.41741741741741734,sto1-0.036-0.266-0.041-0.641-0.016,suqr1-9.101-0.15,sto1-0.098-0.268-0.344-0.055-0.235,suqr1-12.524-0.004,sta1,sto1-0.007-0.008-0.733-0.052-0.2,suqr1-8.233-0.284,suqr1-9.919-0.779,suqr1-7.858-0.808,sto1-0.004-0.246-0.387-0.081-0.282,sto1-0.004004004004004004-0.25425425425425424-0.26126126126126126-0.06306306306306306-0.41741741741741734,1,1,1,1,1,1,1,1,1,1,mab
