Name,T,0,1,2,3,4,Defender,Attacker,Profile,Profile,Profile,Profile,Profile,Profile,Profile,Profile,Profile,Profile,Profile,Obs0,Obs1,Obs2,Obs3,Obs4,Feed_prob0,Feed_prob1,Feed_prob2,Feed_prob3,Feed_prob4,Feed_type
Full_feedback,1000,0.651,0.784,0.618,0.859,0.832,FB1,sto1-0.40159840159840166-0.3376623376623377-0.004995004995004996-0.07892107892107893-0.17682317682317683,suqr1-14.899-0.172,sto1-0.064-0.025-0.076-0.051-0.784,sto1-0.11611611611611614-0.4724724724724725-0.06206206206206207-0.14914914914914915-0.20020020020020024,suqr1-12.423-0.435,sto1-0.30369630369630374-0.3026973026973027-0.027972027972027975-0.07592407592407593-0.2897102897102897,sto1-0.254-0.2-0.003-0.36-0.183,suqr1-12.826-0.211,sta1,suqr1-11.125-0.706,sto1-0.40159840159840166-0.3376623376623377-0.004995004995004996-0.07892107892107893-0.17682317682317683,suqr1-12.479-0.928,1,1,1,1,1,1,1,1,1,1,full
MAB_feedback,1000,0.651,0.784,0.618,0.859,0.832,FB1,sto1-0.40159840159840166-0.3376623376623377-0.004995004995004996-0.07892107892107893-0.17682317682317683,suqr1-14.899-0.172,sto1-0.064-0.025-0.076-0.051-0.784,sto1-0.11611611611611614-0.4724724724724725-0.06206206206206207-0.14914914914914915-0.20020020020020024,suqr1-12.423-0.435,sto1-0.30369630369630374-0.3026973026973027-0.027972027972027975-0.07592407592407593-0.2897102897102897,sto1-0.254-0.2-0.003-0.36-0.183,suqr1-12.826-0.211,sta1,suqr1-11.125-0.706,sto1-0.40159840159840166-0.3376623376623377-0.004995004995004996-0.07892107892107893-0.17682317682317683,suqr1-12.479-0.928,1,1,1,1,1,1,1,1,1,1,mab
