Name,T,0,1,2,3,4,Defender,Attacker,Profile,Profile,Profile,Profile,Profile,Profile,Profile,Profile,Profile,Profile,Profile,Obs0,Obs1,Obs2,Obs3,Obs4,Feed_prob0,Feed_prob1,Feed_prob2,Feed_prob3,Feed_prob4,Feed_type
Full_feedback,1000,0.611,0.743,0.775,0.947,0.667,FB1,sto1-0.203-0.068-0.101-0.335-0.293,suqr1-9.553-0.676,suqr1-6.176-0.041,sto1-0.203-0.068-0.101-0.335-0.293,suqr1-11.35-0.749,sto1-0.03-0.251-0.017-0.46-0.242,suqr1-7.384-0.958,sta1,sto1-0.15084915084915085-0.4025974025974027-0.08391608391608393-0.2047952047952048-0.15784215784215785,sto1-0.206-0.027-0.633-0.126-0.008,sto1-0.0009990009990009992-0.04295704295704296-0.19080919080919084-0.1368631368631369-0.6283716283716284,suqr1-11.129-0.738,1,1,1,1,1,1,1,1,1,1,full
MAB_feedback,1000,0.611,0.743,0.775,0.947,0.667,FB1,sto1-0.203-0.068-0.101-0.335-0.293,suqr1-9.553-0.676,suqr1-6.176-0.041,sto1-0.203-0.068-0.101-0.335-0.293,suqr1-11.35-0.749,sto1-0.03-0.251-0.017-0.46-0.242,suqr1-7.384-0.958,sta1,sto1-0.15084915084915085-0.4025974025974027-0.08391608391608393-0.2047952047952048-0.15784215784215785,sto1-0.206-0.027-0.633-0.126-0.008,sto1-0.0009990009990009992-0.04295704295704296-0.19080919080919084-0.1368631368631369-0.6283716283716284,suqr1-11.129-0.738,1,1,1,1,1,1,1,1,1,1,mab
