Name,T,0,1,2,3,4,Defender,Attacker,Profile,Profile,Profile,Profile,Profile,Profile,Profile,Profile,Profile,Profile,Profile,Obs0,Obs1,Obs2,Obs3,Obs4,Feed_prob0,Feed_prob1,Feed_prob2,Feed_prob3,Feed_prob4,Feed_type
Full_feedback,1000,0.877,0.845,0.97,0.901,0.868,FB1,sto1-0.069-0.526-0.168-0.055-0.182,sto1-0.069-0.526-0.168-0.055-0.182,suqr1-8.384-0.752,sta1,sto1-0.162-0.412-0.02-0.085-0.321,sto1-0.09-0.188-0.495-0.126-0.101,suqr1-14.413-0.1,sto1-0.214-0.402-0.004-0.048-0.332,suqr1-6.061-0.761,sto1-0.14885114885114886-0.18281718281718284-0.1288711288711289-0.1138861138861139-0.4255744255744256,suqr1-9.096-0.918,suqr1-9.852-0.298,1,1,1,1,1,1,1,1,1,1,full
MAB_feedback,1000,0.877,0.845,0.97,0.901,0.868,FB1,sto1-0.069-0.526-0.168-0.055-0.182,sto1-0.069-0.526-0.168-0.055-0.182,suqr1-8.384-0.752,sta1,sto1-0.162-0.412-0.02-0.085-0.321,sto1-0.09-0.188-0.495-0.126-0.101,suqr1-14.413-0.1,sto1-0.214-0.402-0.004-0.048-0.332,suqr1-6.061-0.761,sto1-0.14885114885114886-0.18281718281718284-0.1288711288711289-0.1138861138861139-0.4255744255744256,suqr1-9.096-0.918,suqr1-9.852-0.298,1,1,1,1,1,1,1,1,1,1,mab
