Name,T,0,1,2,3,4,Defender,Attacker,Profile,Profile,Profile,Profile,Profile,Profile,Obs0,Obs1,Obs2,Obs3,Obs4,Feed_prob0,Feed_prob1,Feed_prob2,Feed_prob3,Feed_prob4,Feed_type
Full_feedback,1000,0.956,0.627,0.74,0.599,0.704,FB1,sto1-0.0850850850850851-0.6406406406406406-0.12612612612612611-0.09109109109109109-0.05705705705705706,sto1-0.0850850850850851-0.6406406406406406-0.12612612612612611-0.09109109109109109-0.05705705705705706,sto1-0.6303696303696303-0.02697302697302697-0.06693306693306693-0.23276723276723274-0.042957042957042946,sto1-0.3026973026973027-0.15784215784215785-0.27272727272727276-0.09590409590409592-0.17082917082917087,sta1,sto1-0.2017982017982018-0.0889110889110889-0.13586413586413587-0.48251748251748244-0.0909090909090909,sto1-0.013-0.528-0.249-0.116-0.094,1,1,1,1,1,1,1,1,1,1,full
MAB_feedback,1000,0.956,0.627,0.74,0.599,0.704,FB1,sto1-0.0850850850850851-0.6406406406406406-0.12612612612612611-0.09109109109109109-0.05705705705705706,sto1-0.0850850850850851-0.6406406406406406-0.12612612612612611-0.09109109109109109-0.05705705705705706,sto1-0.6303696303696303-0.02697302697302697-0.06693306693306693-0.23276723276723274-0.042957042957042946,sto1-0.3026973026973027-0.15784215784215785-0.27272727272727276-0.09590409590409592-0.17082917082917087,sta1,sto1-0.2017982017982018-0.0889110889110889-0.13586413586413587-0.48251748251748244-0.0909090909090909,sto1-0.013-0.528-0.249-0.116-0.094,1,1,1,1,1,1,1,1,1,1,mab
