Name,T,0,1,2,3,4,Defender,Attacker,Profile,Profile,Profile,Profile,Profile,Profile,Obs0,Obs1,Obs2,Obs3,Obs4,Feed_prob0,Feed_prob1,Feed_prob2,Feed_prob3,Feed_prob4,Feed_type
Full_feedback,1000,0.428,0.46,0.494,0.757,0.5,FB1,sto1-0.276-0.401-0.223-0.0-0.1,sto1-0.101-0.004-0.61-0.256-0.029,sto1-0.02397602397602398-0.1358641358641359-0.2277722277722278-0.4305694305694306-0.18181818181818182,sto1-0.264-0.116-0.15-0.232-0.238,sta1,sto1-0.276-0.401-0.223-0.0-0.1,sto1-0.17482517482517484-0.06893106893106894-0.06193806193806194-0.11488511488511491-0.5794205794205795,1,1,1,1,1,1,1,1,1,1,full
MAB_feedback,1000,0.428,0.46,0.494,0.757,0.5,FB1,sto1-0.276-0.401-0.223-0.0-0.1,sto1-0.101-0.004-0.61-0.256-0.029,sto1-0.02397602397602398-0.1358641358641359-0.2277722277722278-0.4305694305694306-0.18181818181818182,sto1-0.264-0.116-0.15-0.232-0.238,sta1,sto1-0.276-0.401-0.223-0.0-0.1,sto1-0.17482517482517484-0.06893106893106894-0.06193806193806194-0.11488511488511491-0.5794205794205795,1,1,1,1,1,1,1,1,1,1,mab
