Name,T,0,1,2,3,4,Defender,Attacker,Profile,Profile,Profile,Profile,Profile,Profile,Obs0,Obs1,Obs2,Obs3,Obs4,Feed_prob0,Feed_prob1,Feed_prob2,Feed_prob3,Feed_prob4,Feed_type
Full_feedback,1000,0.718,0.927,0.782,0.854,0.682,FB1,sto1-0.091-0.108-0.345-0.301-0.155,sto1-0.06306306306306307-0.6176176176176177-0.15515515515515518-0.0840840840840841-0.0800800800800801,sto1-0.091-0.108-0.345-0.301-0.155,sto1-0.13113113113113115-0.20120120120120122-0.15415415415415415-0.4004004004004004-0.11311311311311312,sto1-0.369-0.031-0.281-0.002-0.317,sto1-0.17200000000000001-0.5520000000000002-0.06300000000000001-0.20600000000000002-0.007000000000000001,sta1,1,1,1,1,1,1,1,1,1,1,full
MAB_feedback,1000,0.718,0.927,0.782,0.854,0.682,FB1,sto1-0.091-0.108-0.345-0.301-0.155,sto1-0.06306306306306307-0.6176176176176177-0.15515515515515518-0.0840840840840841-0.0800800800800801,sto1-0.091-0.108-0.345-0.301-0.155,sto1-0.13113113113113115-0.20120120120120122-0.15415415415415415-0.4004004004004004-0.11311311311311312,sto1-0.369-0.031-0.281-0.002-0.317,sto1-0.17200000000000001-0.5520000000000002-0.06300000000000001-0.20600000000000002-0.007000000000000001,sta1,1,1,1,1,1,1,1,1,1,1,mab
