Name,T,0,1,2,3,4,Defender,Attacker,Profile,Profile,Profile,Profile,Profile,Profile,Obs0,Obs1,Obs2,Obs3,Obs4,Feed_prob0,Feed_prob1,Feed_prob2,Feed_prob3,Feed_prob4,Feed_type
Full_feedback,1000,0.938,0.884,0.625,0.639,0.837,FB1,sto1-0.484-0.134-0.003-0.234-0.145,sto1-0.13-0.079-0.127-0.465-0.199,sto1-0.1071071071071071-0.02202202202202202-0.7997997997997998-0.05405405405405405-0.017017017017017015,sto1-0.484-0.134-0.003-0.234-0.145,sto1-0.005005005005005005-0.19319319319319317-0.2252252252252252-0.13413413413413414-0.4424424424424424,sto1-0.167-0.658-0.019-0.001-0.155,sta1,1,1,1,1,1,1,1,1,1,1,full
MAB_feedback,1000,0.938,0.884,0.625,0.639,0.837,FB1,sto1-0.484-0.134-0.003-0.234-0.145,sto1-0.13-0.079-0.127-0.465-0.199,sto1-0.1071071071071071-0.02202202202202202-0.7997997997997998-0.05405405405405405-0.017017017017017015,sto1-0.484-0.134-0.003-0.234-0.145,sto1-0.005005005005005005-0.19319319319319317-0.2252252252252252-0.13413413413413414-0.4424424424424424,sto1-0.167-0.658-0.019-0.001-0.155,sta1,1,1,1,1,1,1,1,1,1,1,mab
