Name,T,0,1,2,3,4,Defender,Attacker,Profile,Profile,Profile,Profile,Profile,Profile,Obs0,Obs1,Obs2,Obs3,Obs4,Feed_prob0,Feed_prob1,Feed_prob2,Feed_prob3,Feed_prob4,Feed_type
Full_feedback,1000,0.989,0.839,0.86,0.769,0.928,FB1,sto1-0.021021021021021023-0.1951951951951952-0.022022022022022022-0.6396396396396397-0.12212212212212212,sto1-0.11611611611611611-0.31031031031031026-0.09309309309309308-0.15915915915915915-0.3213213213213213,sta1,sto1-0.111-0.282-0.077-0.46-0.07,sto1-0.021021021021021023-0.1951951951951952-0.022022022022022022-0.6396396396396397-0.12212212212212212,sto1-0.03-0.368-0.021-0.159-0.422,sto1-0.231-0.101-0.147-0.386-0.135,1,1,1,1,1,1,1,1,1,1,full
MAB_feedback,1000,0.989,0.839,0.86,0.769,0.928,FB1,sto1-0.021021021021021023-0.1951951951951952-0.022022022022022022-0.6396396396396397-0.12212212212212212,sto1-0.11611611611611611-0.31031031031031026-0.09309309309309308-0.15915915915915915-0.3213213213213213,sta1,sto1-0.111-0.282-0.077-0.46-0.07,sto1-0.021021021021021023-0.1951951951951952-0.022022022022022022-0.6396396396396397-0.12212212212212212,sto1-0.03-0.368-0.021-0.159-0.422,sto1-0.231-0.101-0.147-0.386-0.135,1,1,1,1,1,1,1,1,1,1,mab
