Name,T,0,1,2,3,4,Defender,Attacker,Profile,Profile,Profile,Profile,Profile,Profile,Obs0,Obs1,Obs2,Obs3,Obs4,Feed_prob0,Feed_prob1,Feed_prob2,Feed_prob3,Feed_prob4,Feed_type
Full_feedback,1000,0.969,0.787,0.968,0.828,0.99,FB1,sto1-0.0009990009990009992-0.5884115884115885-0.12687312687312688-0.16083916083916086-0.1228771228771229,sto1-0.5980000000000001-0.13000000000000003-0.07600000000000001-0.08200000000000002-0.11400000000000002,sto1-0.148-0.065-0.23-0.001-0.556,sto1-0.006-0.319-0.219-0.352-0.104,sto1-0.0009990009990009992-0.5884115884115885-0.12687312687312688-0.16083916083916086-0.1228771228771229,sta1,sto1-0.338-0.015-0.007-0.465-0.175,1,1,1,1,1,1,1,1,1,1,full
MAB_feedback,1000,0.969,0.787,0.968,0.828,0.99,FB1,sto1-0.0009990009990009992-0.5884115884115885-0.12687312687312688-0.16083916083916086-0.1228771228771229,sto1-0.5980000000000001-0.13000000000000003-0.07600000000000001-0.08200000000000002-0.11400000000000002,sto1-0.148-0.065-0.23-0.001-0.556,sto1-0.006-0.319-0.219-0.352-0.104,sto1-0.0009990009990009992-0.5884115884115885-0.12687312687312688-0.16083916083916086-0.1228771228771229,sta1,sto1-0.338-0.015-0.007-0.465-0.175,1,1,1,1,1,1,1,1,1,1,mab
