Name,T,0,1,2,3,4,Defender,Attacker,Profile,Profile,Profile,Profile,Profile,Profile,Obs0,Obs1,Obs2,Obs3,Obs4,Feed_prob0,Feed_prob1,Feed_prob2,Feed_prob3,Feed_prob4,Feed_type
Full_feedback,1000,0.734,0.947,0.902,0.848,0.896,FB1,sto1-0.784-0.015-0.114-0.072-0.015,sto1-0.065-0.134-0.245-0.475-0.081,sto1-0.784-0.015-0.114-0.072-0.015,sto1-0.302-0.256-0.186-0.027-0.229,sto1-0.304-0.203-0.232-0.237-0.024,sto1-0.20479520479520477-0.010989010989010986-0.12587412587412586-0.33266733266733267-0.32567432567432564,sta1,1,1,1,1,1,1,1,1,1,1,full
MAB_feedback,1000,0.734,0.947,0.902,0.848,0.896,FB1,sto1-0.784-0.015-0.114-0.072-0.015,sto1-0.065-0.134-0.245-0.475-0.081,sto1-0.784-0.015-0.114-0.072-0.015,sto1-0.302-0.256-0.186-0.027-0.229,sto1-0.304-0.203-0.232-0.237-0.024,sto1-0.20479520479520477-0.010989010989010986-0.12587412587412586-0.33266733266733267-0.32567432567432564,sta1,1,1,1,1,1,1,1,1,1,1,mab
