Name,T,0,1,2,3,4,Defender,Attacker,Profile,Profile,Profile,Profile,Profile,Profile,Obs0,Obs1,Obs2,Obs3,Obs4,Feed_prob0,Feed_prob1,Feed_prob2,Feed_prob3,Feed_prob4,Feed_type
Full_feedback,1000,0.784,0.912,0.974,0.645,0.679,FB1,sto1-0.077-0.199-0.079-0.45-0.195,sto1-0.5314685314685315-0.25274725274725274-0.006993006993006992-0.16083916083916083-0.047952047952047945,sto1-0.448-0.036-0.043-0.275-0.198,sto1-0.092-0.103-0.154-0.278-0.373,sto1-0.417-0.31-0.031-0.006-0.236,sto1-0.077-0.199-0.079-0.45-0.195,sta1,1,1,1,1,1,1,1,1,1,1,full
MAB_feedback,1000,0.784,0.912,0.974,0.645,0.679,FB1,sto1-0.077-0.199-0.079-0.45-0.195,sto1-0.5314685314685315-0.25274725274725274-0.006993006993006992-0.16083916083916083-0.047952047952047945,sto1-0.448-0.036-0.043-0.275-0.198,sto1-0.092-0.103-0.154-0.278-0.373,sto1-0.417-0.31-0.031-0.006-0.236,sto1-0.077-0.199-0.079-0.45-0.195,sta1,1,1,1,1,1,1,1,1,1,1,mab
