Name,T,0,1,2,3,4,Defender,Attacker,Profile,Profile,Profile,Profile,Profile,Profile,Obs0,Obs1,Obs2,Obs3,Obs4,Feed_prob0,Feed_prob1,Feed_prob2,Feed_prob3,Feed_prob4,Feed_type
Full_feedback,1000,0.776,0.679,0.947,0.883,0.9,FB1,sto1-0.059940059940059943-0.5084915084915086-0.014985014985014986-0.31168831168831174-0.1048951048951049,sto1-0.058-0.229-0.332-0.377-0.004,sto1-0.059940059940059943-0.5084915084915086-0.014985014985014986-0.31168831168831174-0.1048951048951049,sto1-0.14-0.01-0.508-0.124-0.218,sta1,sto1-0.31-0.028-0.135-0.422-0.105,sto1-0.06193806193806193-0.30469530469530465-0.1808191808191808-0.2667332667332667-0.1858141858141858,1,1,1,1,1,1,1,1,1,1,full
MAB_feedback,1000,0.776,0.679,0.947,0.883,0.9,FB1,sto1-0.059940059940059943-0.5084915084915086-0.014985014985014986-0.31168831168831174-0.1048951048951049,sto1-0.058-0.229-0.332-0.377-0.004,sto1-0.059940059940059943-0.5084915084915086-0.014985014985014986-0.31168831168831174-0.1048951048951049,sto1-0.14-0.01-0.508-0.124-0.218,sta1,sto1-0.31-0.028-0.135-0.422-0.105,sto1-0.06193806193806193-0.30469530469530465-0.1808191808191808-0.2667332667332667-0.1858141858141858,1,1,1,1,1,1,1,1,1,1,mab
