Name,T,0,1,2,3,4,Defender,Attacker,Profile,Profile,Profile,Profile,Profile,Profile,Profile,Profile,Obs0,Obs1,Obs2,Obs3,Obs4,Feed_prob0,Feed_prob1,Feed_prob2,Feed_prob3,Feed_prob4,Feed_type,Att_prof_type,Att_prof_prob
FB1_vs_sto1-0.021021021021021023-0.45345345345345345-0.12112112112112111-0.37037037037037035-0.03403403403403404 sta1,1000,0.94,0.945,0.893,0.961,0.782,FB1,sto1-0.021021021021021023-0.45345345345345345-0.12112112112112111-0.37037037037037035-0.03403403403403404|sta1,sta1,sto1-0.026973026973026976-0.17682317682317683-0.17082917082917087-0.3846153846153847-0.24075924075924077,sto1-0.266-0.286-0.031-0.297-0.12,sto1-0.007-0.138-0.665-0.011-0.179,sto1-0.132-0.129-0.048-0.491-0.2,sto1-0.2-0.2-0.2-0.2-0.2,sto1-0.021021021021021023-0.45345345345345345-0.12112112112112111-0.37037037037037035-0.03403403403403404,sto1-0.5010000000000001-0.10900000000000001-0.07200000000000001-0.29100000000000004-0.027000000000000003,1,1,1,1,1,1,1,1,1,1,full,multi,0.5|0.5
