Name,T,0,1,2,3,4,Defender,Attacker,Profile,Profile,Profile,Profile,Profile,Profile,Profile,Profile,Obs0,Obs1,Obs2,Obs3,Obs4,Feed_prob0,Feed_prob1,Feed_prob2,Feed_prob3,Feed_prob4,Feed_type,Att_prof_type,Att_prof_prob
FB1_vs_sto1-0.029000000000000005-0.15900000000000003-0.48600000000000004-0.11100000000000002-0.21500000000000002 sta1,100,1,1,1,1,1,FB1,sto1-0.029000000000000005-0.15900000000000003-0.48600000000000004-0.11100000000000002-0.21500000000000002|sta1,sto1-0.521-0.007-0.018-0.19-0.264,sto1-0.1861861861861862-0.19319319319319322-0.29129129129129133-0.07707707707707709-0.2522522522522523,sto1-0.13613613613613615-0.20120120120120125-0.2622622622622623-0.21721721721721723-0.1831831831831832,sta1,sto1-0.2-0.2-0.2-0.2-0.2,sto1-0.2147852147852148-0.2317682317682318-0.40159840159840166-0.07892107892107893-0.07292707292707293,sto1-0.029000000000000005-0.15900000000000003-0.48600000000000004-0.11100000000000002-0.21500000000000002,sto1-0.162-0.351-0.025-0.238-0.224,1,1,1,1,1,1,1,1,1,1,full,multi,0.7|0.3
