Name,T,0,1,2,3,4,5,6,7,8,9,Defender,Attacker,Profile,Profile,Profile,Profile,Profile,Profile,Profile,Profile,Profile,Profile,Profile,Obs0,Obs1,Obs2,Obs3,Obs4,Obs5,Obs6,Obs7,Obs8,Obs9,Feed_prob0,Feed_prob1,Feed_prob2,Feed_prob3,Feed_prob4,Feed_prob5,Feed_prob6,Feed_prob7,Feed_prob8,Feed_prob9,Feed_type
Full_feedback,1000,0.842,0.891,0.848,0.992,0.909,0.61,0.71,0.937,0.912,0.729,FB1,sta1,sto1-0.07907907907907907-0.13213213213213215-0.03203203203203203-0.055055055055055056-0.03203203203203203-0.15315315315315314-0.04004004004004004-0.2552552552552553-0.11911911911911911-0.10210210210210209,suqr1-5.371-0.673,sto1-0.26473526473526476-0.03096903096903097-0.02497502497502498-0.04595404595404596-0.07792207792207793-0.05794205794205795-0.0019980019980019984-0.04095904095904097-0.09590409590409592-0.35864135864135865,sto1-0.174-0.04-0.12-0.039-0.028-0.084-0.073-0.338-0.074-0.03,sto1-0.094-0.106-0.049-0.278-0.028-0.118-0.014-0.137-0.098-0.078,sto1-0.004-0.046-0.236-0.04-0.229-0.035-0.08-0.034-0.135-0.161,suqr1-8.043-0.788,sta1,suqr1-10.886-0.953,suqr1-14.587-0.788,suqr1-10.249-0.269,1,1,1,1,1,1,1,1,1,1,1,1,1,1,1,1,1,1,1,1,full
MAB_feedback,1000,0.842,0.891,0.848,0.992,0.909,0.61,0.71,0.937,0.912,0.729,FB1,sta1,sto1-0.07907907907907907-0.13213213213213215-0.03203203203203203-0.055055055055055056-0.03203203203203203-0.15315315315315314-0.04004004004004004-0.2552552552552553-0.11911911911911911-0.10210210210210209,suqr1-5.371-0.673,sto1-0.26473526473526476-0.03096903096903097-0.02497502497502498-0.04595404595404596-0.07792207792207793-0.05794205794205795-0.0019980019980019984-0.04095904095904097-0.09590409590409592-0.35864135864135865,sto1-0.174-0.04-0.12-0.039-0.028-0.084-0.073-0.338-0.074-0.03,sto1-0.094-0.106-0.049-0.278-0.028-0.118-0.014-0.137-0.098-0.078,sto1-0.004-0.046-0.236-0.04-0.229-0.035-0.08-0.034-0.135-0.161,suqr1-8.043-0.788,sta1,suqr1-10.886-0.953,suqr1-14.587-0.788,suqr1-10.249-0.269,1,1,1,1,1,1,1,1,1,1,1,1,1,1,1,1,1,1,1,1,mab
