Name,T,0,1,2,3,4,5,6,7,8,9,Defender,Attacker,Profile,Profile,Profile,Profile,Profile,Profile,Profile,Profile,Profile,Profile,Profile,Obs0,Obs1,Obs2,Obs3,Obs4,Obs5,Obs6,Obs7,Obs8,Obs9,Feed_prob0,Feed_prob1,Feed_prob2,Feed_prob3,Feed_prob4,Feed_prob5,Feed_prob6,Feed_prob7,Feed_prob8,Feed_prob9,Feed_type
Full_feedback,1000,0.754,0.718,0.684,0.925,0.946,0.963,0.657,0.69,0.969,0.914,FB1,sta1,sto1-0.11311311311311313-0.02502502502502503-0.15915915915915918-0.17617617617617617-0.060060060060060066-0.05005005005005006-0.02702702702702703-0.007007007007007008-0.20520520520520522-0.17717717717717718,suqr1-11.656-0.046,suqr1-11.758-0.471,suqr1-8.317-0.102,sto1-0.13113113113113112-0.03303303303303303-0.2352352352352352-0.01101101101101101-0.16516516516516516-0.058058058058058054-0.009009009009009007-0.29029029029029024-0.04604604604604604-0.02102102102102102,suqr1-12.363-0.354,sto1-0.134-0.072-0.035-0.172-0.208-0.061-0.049-0.029-0.11-0.13,suqr1-10.603-0.645,sto1-0.008-0.418-0.103-0.036-0.101-0.004-0.12-0.136-0.051-0.023,sto1-0.04-0.098-0.035-0.323-0.082-0.018-0.207-0.082-0.016-0.099,sta1,1,1,1,1,1,1,1,1,1,1,1,1,1,1,1,1,1,1,1,1,full
MAB_feedback,1000,0.754,0.718,0.684,0.925,0.946,0.963,0.657,0.69,0.969,0.914,FB1,sta1,sto1-0.11311311311311313-0.02502502502502503-0.15915915915915918-0.17617617617617617-0.060060060060060066-0.05005005005005006-0.02702702702702703-0.007007007007007008-0.20520520520520522-0.17717717717717718,suqr1-11.656-0.046,suqr1-11.758-0.471,suqr1-8.317-0.102,sto1-0.13113113113113112-0.03303303303303303-0.2352352352352352-0.01101101101101101-0.16516516516516516-0.058058058058058054-0.009009009009009007-0.29029029029029024-0.04604604604604604-0.02102102102102102,suqr1-12.363-0.354,sto1-0.134-0.072-0.035-0.172-0.208-0.061-0.049-0.029-0.11-0.13,suqr1-10.603-0.645,sto1-0.008-0.418-0.103-0.036-0.101-0.004-0.12-0.136-0.051-0.023,sto1-0.04-0.098-0.035-0.323-0.082-0.018-0.207-0.082-0.016-0.099,sta1,1,1,1,1,1,1,1,1,1,1,1,1,1,1,1,1,1,1,1,1,mab
