Name,T,0,1,2,3,4,5,6,7,8,9,Defender,Attacker,Profile,Profile,Profile,Profile,Profile,Profile,Profile,Profile,Profile,Profile,Profile,Obs0,Obs1,Obs2,Obs3,Obs4,Obs5,Obs6,Obs7,Obs8,Obs9,Feed_prob0,Feed_prob1,Feed_prob2,Feed_prob3,Feed_prob4,Feed_prob5,Feed_prob6,Feed_prob7,Feed_prob8,Feed_prob9,Feed_type
Full_feedback,1000,0.924,0.909,0.787,0.871,0.819,0.868,0.89,0.742,0.869,0.899,FB1,sta1,sta1,suqr1-10.447-0.97,suqr1-6.528-0.206,sto1-0.055-0.05-0.064-0.22-0.247-0.136-0.012-0.133-0.027-0.056,sto1-0.044-0.145-0.058-0.034-0.3-0.254-0.032-0.094-0.006-0.033,sto1-0.18081918081918083-0.15484515484515485-0.0019980019980019984-0.05594405594405595-0.028971028971028975-0.008991008991008992-0.11988011988011989-0.17082917082917087-0.26473526473526476-0.012987012987012988,suqr1-6.742-0.603,suqr1-9.821-0.583,sto1-0.182-0.242-0.067-0.111-0.063-0.087-0.027-0.031-0.008-0.182,sto1-0.02-0.055-0.023-0.142-0.187-0.261-0.047-0.128-0.033-0.104,suqr1-12.677-0.235,1,1,1,1,1,1,1,1,1,1,1,1,1,1,1,1,1,1,1,1,full
MAB_feedback,1000,0.924,0.909,0.787,0.871,0.819,0.868,0.89,0.742,0.869,0.899,FB1,sta1,sta1,suqr1-10.447-0.97,suqr1-6.528-0.206,sto1-0.055-0.05-0.064-0.22-0.247-0.136-0.012-0.133-0.027-0.056,sto1-0.044-0.145-0.058-0.034-0.3-0.254-0.032-0.094-0.006-0.033,sto1-0.18081918081918083-0.15484515484515485-0.0019980019980019984-0.05594405594405595-0.028971028971028975-0.008991008991008992-0.11988011988011989-0.17082917082917087-0.26473526473526476-0.012987012987012988,suqr1-6.742-0.603,suqr1-9.821-0.583,sto1-0.182-0.242-0.067-0.111-0.063-0.087-0.027-0.031-0.008-0.182,sto1-0.02-0.055-0.023-0.142-0.187-0.261-0.047-0.128-0.033-0.104,suqr1-12.677-0.235,1,1,1,1,1,1,1,1,1,1,1,1,1,1,1,1,1,1,1,1,mab
