Name,T,0,1,2,3,4,5,6,7,8,9,Defender,Attacker,Profile,Profile,Profile,Profile,Profile,Profile,Profile,Profile,Profile,Profile,Profile,Obs0,Obs1,Obs2,Obs3,Obs4,Obs5,Obs6,Obs7,Obs8,Obs9,Feed_prob0,Feed_prob1,Feed_prob2,Feed_prob3,Feed_prob4,Feed_prob5,Feed_prob6,Feed_prob7,Feed_prob8,Feed_prob9,Feed_type
Full_feedback,1000,0.919,0.784,0.903,0.934,0.801,0.68,0.848,0.911,0.667,0.583,FB1,sta1,sto1-0.053-0.003-0.008-0.154-0.133-0.194-0.076-0.094-0.119-0.166,suqr1-14.363-0.837,sto1-0.049-0.071-0.036-0.027-0.024-0.158-0.018-0.064-0.073-0.48,sto1-0.17617617617617617-0.02502502502502503-0.18218218218218218-0.03503503503503504-0.03503503503503504-0.05105105105105105-0.022022022022022022-0.06506506506506507-0.18818818818818822-0.22022022022022025,suqr1-11.047-0.905,suqr1-8.913-0.24,sto1-0.42242242242242234-0.002002002002002002-0.053053053053053044-0.07907907907907907-0.016016016016016016-0.01201201201201201-0.15315315315315314-0.04004004004004004-0.17117117117117117-0.051051051051051045,suqr1-12.592-0.421,sto1-0.097-0.219-0.015-0.033-0.091-0.037-0.186-0.039-0.057-0.226,sta1,suqr1-11.375-0.618,1,1,1,1,1,1,1,1,1,1,1,1,1,1,1,1,1,1,1,1,full
MAB_feedback,1000,0.919,0.784,0.903,0.934,0.801,0.68,0.848,0.911,0.667,0.583,FB1,sta1,sto1-0.053-0.003-0.008-0.154-0.133-0.194-0.076-0.094-0.119-0.166,suqr1-14.363-0.837,sto1-0.049-0.071-0.036-0.027-0.024-0.158-0.018-0.064-0.073-0.48,sto1-0.17617617617617617-0.02502502502502503-0.18218218218218218-0.03503503503503504-0.03503503503503504-0.05105105105105105-0.022022022022022022-0.06506506506506507-0.18818818818818822-0.22022022022022025,suqr1-11.047-0.905,suqr1-8.913-0.24,sto1-0.42242242242242234-0.002002002002002002-0.053053053053053044-0.07907907907907907-0.016016016016016016-0.01201201201201201-0.15315315315315314-0.04004004004004004-0.17117117117117117-0.051051051051051045,suqr1-12.592-0.421,sto1-0.097-0.219-0.015-0.033-0.091-0.037-0.186-0.039-0.057-0.226,sta1,suqr1-11.375-0.618,1,1,1,1,1,1,1,1,1,1,1,1,1,1,1,1,1,1,1,1,mab
