Name,T,0,1,2,3,4,5,6,7,8,9,Defender,Attacker,Profile,Profile,Profile,Profile,Profile,Profile,Profile,Profile,Profile,Profile,Profile,Obs0,Obs1,Obs2,Obs3,Obs4,Obs5,Obs6,Obs7,Obs8,Obs9,Feed_prob0,Feed_prob1,Feed_prob2,Feed_prob3,Feed_prob4,Feed_prob5,Feed_prob6,Feed_prob7,Feed_prob8,Feed_prob9,Feed_type
Full_feedback,1000,0.949,0.665,0.93,0.775,0.901,0.811,0.952,0.859,0.811,0.957,FB1,sta1,suqr1-6.945-0.036,sto1-0.25274725274725274-0.044955044955044945-0.06693306693306693-0.044955044955044945-0.2627372627372627-0.03196803196803197-0.22577422577422576-0.023976023976023973-0.03296703296703297-0.012987012987012984,sto1-0.15184815184815187-0.04395604395604396-0.1158841158841159-0.11988011988011989-0.08791208791208792-0.04895104895104896-0.01098901098901099-0.1158841158841159-0.2287712287712288-0.07592407592407593,suqr1-6.142-0.126,suqr1-6.696-0.411,sto1-0.079-0.0-0.162-0.006-0.418-0.057-0.062-0.061-0.146-0.009,suqr1-9.518-0.428,sta1,sto1-0.038-0.106-0.247-0.171-0.072-0.106-0.098-0.008-0.009-0.145,suqr1-14.37-0.043,sto1-0.074-0.003-0.203-0.04-0.225-0.082-0.191-0.024-0.104-0.054,1,1,1,1,1,1,1,1,1,1,1,1,1,1,1,1,1,1,1,1,full
MAB_feedback,1000,0.949,0.665,0.93,0.775,0.901,0.811,0.952,0.859,0.811,0.957,FB1,sta1,suqr1-6.945-0.036,sto1-0.25274725274725274-0.044955044955044945-0.06693306693306693-0.044955044955044945-0.2627372627372627-0.03196803196803197-0.22577422577422576-0.023976023976023973-0.03296703296703297-0.012987012987012984,sto1-0.15184815184815187-0.04395604395604396-0.1158841158841159-0.11988011988011989-0.08791208791208792-0.04895104895104896-0.01098901098901099-0.1158841158841159-0.2287712287712288-0.07592407592407593,suqr1-6.142-0.126,suqr1-6.696-0.411,sto1-0.079-0.0-0.162-0.006-0.418-0.057-0.062-0.061-0.146-0.009,suqr1-9.518-0.428,sta1,sto1-0.038-0.106-0.247-0.171-0.072-0.106-0.098-0.008-0.009-0.145,suqr1-14.37-0.043,sto1-0.074-0.003-0.203-0.04-0.225-0.082-0.191-0.024-0.104-0.054,1,1,1,1,1,1,1,1,1,1,1,1,1,1,1,1,1,1,1,1,mab
