Name,T,0,1,2,3,4,5,6,7,8,9,Defender,Attacker,Profile,Profile,Profile,Obs0,Obs1,Obs2,Obs3,Obs4,Obs5,Obs6,Obs7,Obs8,Obs9,Feed_prob0,Feed_prob1,Feed_prob2,Feed_prob3,Feed_prob4,Feed_prob5,Feed_prob6,Feed_prob7,Feed_prob8,Feed_prob9,Feed_type
Full_feedback,1000,0.992,0.751,0.922,0.96,0.871,0.944,0.903,0.979,0.969,0.847,FB1,sto1-0.045045045045045036-0.1071071071071071-0.04804804804804804-0.19219219219219216-0.1081081081081081-0.16716716716716715-0.26726726726726724-0.02302302302302302-0.03103103103103103-0.01101101101101101,sto1-0.045045045045045036-0.1071071071071071-0.04804804804804804-0.19219219219219216-0.1081081081081081-0.16716716716716715-0.26726726726726724-0.02302302302302302-0.03103103103103103-0.01101101101101101,suqr1-6.818-0.908,sta1,1,1,1,1,1,1,1,1,1,1,1,1,1,1,1,1,1,1,1,1,full
MAB_feedback,1000,0.992,0.751,0.922,0.96,0.871,0.944,0.903,0.979,0.969,0.847,FB1,sto1-0.045045045045045036-0.1071071071071071-0.04804804804804804-0.19219219219219216-0.1081081081081081-0.16716716716716715-0.26726726726726724-0.02302302302302302-0.03103103103103103-0.01101101101101101,sto1-0.045045045045045036-0.1071071071071071-0.04804804804804804-0.19219219219219216-0.1081081081081081-0.16716716716716715-0.26726726726726724-0.02302302302302302-0.03103103103103103-0.01101101101101101,suqr1-6.818-0.908,sta1,1,1,1,1,1,1,1,1,1,1,1,1,1,1,1,1,1,1,1,1,mab
