Name,T,0,1,2,3,4,5,6,7,8,9,Defender,Attacker,Profile,Profile,Profile,Obs0,Obs1,Obs2,Obs3,Obs4,Obs5,Obs6,Obs7,Obs8,Obs9,Feed_prob0,Feed_prob1,Feed_prob2,Feed_prob3,Feed_prob4,Feed_prob5,Feed_prob6,Feed_prob7,Feed_prob8,Feed_prob9,Feed_type
Full_feedback,1000,0.654,0.685,0.769,0.8,0.856,0.994,0.579,0.645,0.86,0.668,FB1,sto1-0.14529058116232463-0.0781563126252505-0.18937875751503006-0.05110220440881763-0.18637274549098196-0.03206412825651302-0.07915831663326653-0.06813627254509018-0.1032064128256513-0.06713426853707415,sto1-0.14529058116232463-0.0781563126252505-0.18937875751503006-0.05110220440881763-0.18637274549098196-0.03206412825651302-0.07915831663326653-0.06813627254509018-0.1032064128256513-0.06713426853707415,sta1,suqr1-8.135-0.645,1,1,1,1,1,1,1,1,1,1,1,1,1,1,1,1,1,1,1,1,full
MAB_feedback,1000,0.654,0.685,0.769,0.8,0.856,0.994,0.579,0.645,0.86,0.668,FB1,sto1-0.14529058116232463-0.0781563126252505-0.18937875751503006-0.05110220440881763-0.18637274549098196-0.03206412825651302-0.07915831663326653-0.06813627254509018-0.1032064128256513-0.06713426853707415,sto1-0.14529058116232463-0.0781563126252505-0.18937875751503006-0.05110220440881763-0.18637274549098196-0.03206412825651302-0.07915831663326653-0.06813627254509018-0.1032064128256513-0.06713426853707415,sta1,suqr1-8.135-0.645,1,1,1,1,1,1,1,1,1,1,1,1,1,1,1,1,1,1,1,1,mab
