Name,T,0,1,2,3,4,5,6,7,8,9,Defender,Attacker,Profile,Profile,Profile,Obs0,Obs1,Obs2,Obs3,Obs4,Obs5,Obs6,Obs7,Obs8,Obs9,Feed_prob0,Feed_prob1,Feed_prob2,Feed_prob3,Feed_prob4,Feed_prob5,Feed_prob6,Feed_prob7,Feed_prob8,Feed_prob9,Feed_type
Full_feedback,1000,0.796,0.89,0.955,0.871,0.845,0.995,0.594,0.927,0.611,0.683,FB1,sto1-0.11588411588411587-0.07592407592407592-0.1678321678321678-0.14185814185814183-0.20479520479520477-0.08791208791208789-0.004995004995004994-0.07192807192807192-0.06693306693306693-0.06193806193806193,suqr1-6.654-0.747,sto1-0.11588411588411587-0.07592407592407592-0.1678321678321678-0.14185814185814183-0.20479520479520477-0.08791208791208789-0.004995004995004994-0.07192807192807192-0.06693306693306693-0.06193806193806193,sta1,1,1,1,1,1,1,1,1,1,1,1,1,1,1,1,1,1,1,1,1,full
MAB_feedback,1000,0.796,0.89,0.955,0.871,0.845,0.995,0.594,0.927,0.611,0.683,FB1,sto1-0.11588411588411587-0.07592407592407592-0.1678321678321678-0.14185814185814183-0.20479520479520477-0.08791208791208789-0.004995004995004994-0.07192807192807192-0.06693306693306693-0.06193806193806193,suqr1-6.654-0.747,sto1-0.11588411588411587-0.07592407592407592-0.1678321678321678-0.14185814185814183-0.20479520479520477-0.08791208791208789-0.004995004995004994-0.07192807192807192-0.06693306693306693-0.06193806193806193,sta1,1,1,1,1,1,1,1,1,1,1,1,1,1,1,1,1,1,1,1,1,mab
