Name,T,0,1,2,3,4,5,6,7,8,9,Defender,Attacker,Profile,Profile,Profile,Obs0,Obs1,Obs2,Obs3,Obs4,Obs5,Obs6,Obs7,Obs8,Obs9,Feed_prob0,Feed_prob1,Feed_prob2,Feed_prob3,Feed_prob4,Feed_prob5,Feed_prob6,Feed_prob7,Feed_prob8,Feed_prob9,Feed_type
Full_feedback,1000,0.786,1.0,0.965,0.813,0.868,0.929,0.8,0.892,0.896,0.937,FB1,sto1-0.02802802802802803-0.07107107107107108-0.036036036036036036-0.23023023023023026-0.06406406406406408-0.15515515515515518-0.023023023023023025-0.2592592592592593-0.07007007007007009-0.06306306306306307,sta1,sto1-0.02802802802802803-0.07107107107107108-0.036036036036036036-0.23023023023023026-0.06406406406406408-0.15515515515515518-0.023023023023023025-0.2592592592592593-0.07007007007007009-0.06306306306306307,suqr1-14.011-0.809,1,1,1,1,1,1,1,1,1,1,1,1,1,1,1,1,1,1,1,1,full
MAB_feedback,1000,0.786,1.0,0.965,0.813,0.868,0.929,0.8,0.892,0.896,0.937,FB1,sto1-0.02802802802802803-0.07107107107107108-0.036036036036036036-0.23023023023023026-0.06406406406406408-0.15515515515515518-0.023023023023023025-0.2592592592592593-0.07007007007007009-0.06306306306306307,sta1,sto1-0.02802802802802803-0.07107107107107108-0.036036036036036036-0.23023023023023026-0.06406406406406408-0.15515515515515518-0.023023023023023025-0.2592592592592593-0.07007007007007009-0.06306306306306307,suqr1-14.011-0.809,1,1,1,1,1,1,1,1,1,1,1,1,1,1,1,1,1,1,1,1,mab
