Name,T,0,1,2,3,4,5,6,7,8,9,Defender,Attacker,Profile,Profile,Profile,Obs0,Obs1,Obs2,Obs3,Obs4,Obs5,Obs6,Obs7,Obs8,Obs9,Feed_prob0,Feed_prob1,Feed_prob2,Feed_prob3,Feed_prob4,Feed_prob5,Feed_prob6,Feed_prob7,Feed_prob8,Feed_prob9,Feed_type
Full_feedback,1000,0.631,0.578,0.636,0.891,0.763,0.916,0.989,0.662,0.859,0.714,FB1,sto1-0.06993006993006995-0.14185814185814186-0.034965034965034975-0.08991008991008992-0.09090909090909091-0.08191808191808193-0.0019980019980019984-0.15884115884115887-0.08091908091908093-0.24875124875124877,sto1-0.06993006993006995-0.14185814185814186-0.034965034965034975-0.08991008991008992-0.09090909090909091-0.08191808191808193-0.0019980019980019984-0.15884115884115887-0.08091908091908093-0.24875124875124877,sta1,suqr1-13.185-0.685,1,1,1,1,1,1,1,1,1,1,1,1,1,1,1,1,1,1,1,1,full
MAB_feedback,1000,0.631,0.578,0.636,0.891,0.763,0.916,0.989,0.662,0.859,0.714,FB1,sto1-0.06993006993006995-0.14185814185814186-0.034965034965034975-0.08991008991008992-0.09090909090909091-0.08191808191808193-0.0019980019980019984-0.15884115884115887-0.08091908091908093-0.24875124875124877,sto1-0.06993006993006995-0.14185814185814186-0.034965034965034975-0.08991008991008992-0.09090909090909091-0.08191808191808193-0.0019980019980019984-0.15884115884115887-0.08091908091908093-0.24875124875124877,sta1,suqr1-13.185-0.685,1,1,1,1,1,1,1,1,1,1,1,1,1,1,1,1,1,1,1,1,mab
