Name,T,0,1,2,3,4,5,6,7,8,9,Defender,Attacker,Profile,Profile,Profile,Obs0,Obs1,Obs2,Obs3,Obs4,Obs5,Obs6,Obs7,Obs8,Obs9,Feed_prob0,Feed_prob1,Feed_prob2,Feed_prob3,Feed_prob4,Feed_prob5,Feed_prob6,Feed_prob7,Feed_prob8,Feed_prob9,Feed_type
Full_feedback,1000,0.992,0.999,0.92,0.883,0.93,0.95,0.955,0.952,0.996,0.779,FB1,sto1-0.000999000999000999-0.09790209790209789-0.10489510489510488-0.01798201798201798-0.1678321678321678-0.0869130869130869-0.32267732267732263-0.02797202797202797-0.12187812187812186-0.05094905094905094,sta1,suqr1-6.38-0.258,sto1-0.000999000999000999-0.09790209790209789-0.10489510489510488-0.01798201798201798-0.1678321678321678-0.0869130869130869-0.32267732267732263-0.02797202797202797-0.12187812187812186-0.05094905094905094,1,1,1,1,1,1,1,1,1,1,1,1,1,1,1,1,1,1,1,1,full
MAB_feedback,1000,0.992,0.999,0.92,0.883,0.93,0.95,0.955,0.952,0.996,0.779,FB1,sto1-0.000999000999000999-0.09790209790209789-0.10489510489510488-0.01798201798201798-0.1678321678321678-0.0869130869130869-0.32267732267732263-0.02797202797202797-0.12187812187812186-0.05094905094905094,sta1,suqr1-6.38-0.258,sto1-0.000999000999000999-0.09790209790209789-0.10489510489510488-0.01798201798201798-0.1678321678321678-0.0869130869130869-0.32267732267732263-0.02797202797202797-0.12187812187812186-0.05094905094905094,1,1,1,1,1,1,1,1,1,1,1,1,1,1,1,1,1,1,1,1,mab
