Name,T,0,1,2,3,4,5,6,7,8,9,Defender,Attacker,Profile,Profile,Profile,Obs0,Obs1,Obs2,Obs3,Obs4,Obs5,Obs6,Obs7,Obs8,Obs9,Feed_prob0,Feed_prob1,Feed_prob2,Feed_prob3,Feed_prob4,Feed_prob5,Feed_prob6,Feed_prob7,Feed_prob8,Feed_prob9,Feed_type
Full_feedback,1000,0.955,0.586,0.657,0.68,0.893,0.759,0.723,0.858,0.991,0.816,FB1,sto1-0.11288711288711291-0.1028971028971029-0.14185814185814186-0.17182817182817184-0.003996003996003997-0.01198801198801199-0.20279720279720284-0.1288711288711289-0.03096903096903097-0.09190809190809192,sta1,sto1-0.11288711288711291-0.1028971028971029-0.14185814185814186-0.17182817182817184-0.003996003996003997-0.01198801198801199-0.20279720279720284-0.1288711288711289-0.03096903096903097-0.09190809190809192,suqr1-6.738-0.271,1,1,1,1,1,1,1,1,1,1,1,1,1,1,1,1,1,1,1,1,full
MAB_feedback,1000,0.955,0.586,0.657,0.68,0.893,0.759,0.723,0.858,0.991,0.816,FB1,sto1-0.11288711288711291-0.1028971028971029-0.14185814185814186-0.17182817182817184-0.003996003996003997-0.01198801198801199-0.20279720279720284-0.1288711288711289-0.03096903096903097-0.09190809190809192,sta1,sto1-0.11288711288711291-0.1028971028971029-0.14185814185814186-0.17182817182817184-0.003996003996003997-0.01198801198801199-0.20279720279720284-0.1288711288711289-0.03096903096903097-0.09190809190809192,suqr1-6.738-0.271,1,1,1,1,1,1,1,1,1,1,1,1,1,1,1,1,1,1,1,1,mab
