Name,T,0,1,2,3,4,Defender,Attacker,Profile,Profile,Profile,Obs0,Obs1,Obs2,Obs3,Obs4,Feed_prob0,Feed_prob1,Feed_prob2,Feed_prob3,Feed_prob4,Feed_type
Full_feedback,1000,0.767,0.734,0.908,0.648,0.938,FB1,sto1-0.1751751751751752-0.12612612612612614-0.0930930930930931-0.42142142142142147-0.1841841841841842,sto1-0.1751751751751752-0.12612612612612614-0.0930930930930931-0.42142142142142147-0.1841841841841842,suqr1-10.336-0.93,sta1,1,1,1,1,1,1,1,1,1,1,full
MAB_feedback,1000,0.767,0.734,0.908,0.648,0.938,FB1,sto1-0.1751751751751752-0.12612612612612614-0.0930930930930931-0.42142142142142147-0.1841841841841842,sto1-0.1751751751751752-0.12612612612612614-0.0930930930930931-0.42142142142142147-0.1841841841841842,suqr1-10.336-0.93,sta1,1,1,1,1,1,1,1,1,1,1,mab
