Name,T,0,1,2,3,4,Defender,Attacker,Profile,Profile,Profile,Obs0,Obs1,Obs2,Obs3,Obs4,Feed_prob0,Feed_prob1,Feed_prob2,Feed_prob3,Feed_prob4,Feed_type
Full_feedback,1000,0.922,0.62,0.609,0.895,0.703,FB1,sto1-0.15415415415415412-0.14014014014014015-0.25625625625625625-0.4064064064064064-0.04304304304304304,suqr1-8.566-0.415,sto1-0.15415415415415412-0.14014014014014015-0.25625625625625625-0.4064064064064064-0.04304304304304304,sta1,1,1,1,1,1,1,1,1,1,1,full
MAB_feedback,1000,0.922,0.62,0.609,0.895,0.703,FB1,sto1-0.15415415415415412-0.14014014014014015-0.25625625625625625-0.4064064064064064-0.04304304304304304,suqr1-8.566-0.415,sto1-0.15415415415415412-0.14014014014014015-0.25625625625625625-0.4064064064064064-0.04304304304304304,sta1,1,1,1,1,1,1,1,1,1,1,mab
