Name,T,0,1,2,3,4,Defender,Attacker,Profile,Profile,Profile,Obs0,Obs1,Obs2,Obs3,Obs4,Feed_prob0,Feed_prob1,Feed_prob2,Feed_prob3,Feed_prob4,Feed_type
Full_feedback,1000,0.878,0.898,0.882,0.721,0.903,FB1,sto1-0.08991008991008992-0.1018981018981019-0.17182817182817184-0.23976023976023977-0.39660339660339666,sta1,suqr1-12.478-0.681,sto1-0.08991008991008992-0.1018981018981019-0.17182817182817184-0.23976023976023977-0.39660339660339666,1,1,1,1,1,1,1,1,1,1,full
MAB_feedback,1000,0.878,0.898,0.882,0.721,0.903,FB1,sto1-0.08991008991008992-0.1018981018981019-0.17182817182817184-0.23976023976023977-0.39660339660339666,sta1,suqr1-12.478-0.681,sto1-0.08991008991008992-0.1018981018981019-0.17182817182817184-0.23976023976023977-0.39660339660339666,1,1,1,1,1,1,1,1,1,1,mab
