Name,T,0,1,2,3,4,5,Defender,Attacker,Profile,Profile,Profile,Profile,Profile,Profile,Profile,Profile,Profile,Profile,Profile,Profile,Profile,Profile,Profile,Profile,Profile,Profile,Profile,Profile
FRL1_vs_suqr1-5.884-0.698,200,0.943,0.887,0.969,0.953,0.954,0.854,FRL1,suqr1-5.884-0.698,sto1-0.2502502502502503-0.14514514514514515-0.013013013013013013-0.3513513513513513-0.10710710710710711-0.13313313313313313,sto1-0.003996003996003997-0.17582417582417584-0.24475524475524477-0.16083916083916086-0.35064935064935066-0.06393606393606395,sto1-0.004-0.368-0.241-0.252-0.062-0.073,suqr1-13.782-0.966,suqr1-14.699-0.776,suqr1-14.126-0.674,sto1-0.108-0.056-0.126-0.124-0.319-0.267,sta1,sto1-0.103-0.521-0.013-0.15-0.138-0.075,sto1-0.033-0.14-0.39-0.243-0.159-0.035,sto1-0.017-0.052-0.204-0.226-0.45-0.051,suqr1-13.038-0.386,suqr1-9.903-0.324,suqr1-10.39-0.702,suqr1-11.521-0.438,sto1-0.117-0.056-0.08-0.227-0.037-0.483,suqr1-10.708-0.156,sto1-0.06193806193806194-0.18281718281718284-0.02197802197802198-0.02297702297702298-0.2227772227772228-0.48751248751248755,sto1-0.07407407407407407-0.36436436436436437-0.09009009009009009-0.1051051051051051-0.02002002002002002-0.3463463463463463,suqr1-12.6-0.594
FB1_vs_suqr1-5.884-0.698,200,0.943,0.887,0.969,0.953,0.954,0.854,FB1,suqr1-5.884-0.698,sto1-0.2502502502502503-0.14514514514514515-0.013013013013013013-0.3513513513513513-0.10710710710710711-0.13313313313313313,sto1-0.003996003996003997-0.17582417582417584-0.24475524475524477-0.16083916083916086-0.35064935064935066-0.06393606393606395,sto1-0.004-0.368-0.241-0.252-0.062-0.073,suqr1-13.782-0.966,suqr1-14.699-0.776,suqr1-14.126-0.674,sto1-0.108-0.056-0.126-0.124-0.319-0.267,sta1,sto1-0.103-0.521-0.013-0.15-0.138-0.075,sto1-0.033-0.14-0.39-0.243-0.159-0.035,sto1-0.017-0.052-0.204-0.226-0.45-0.051,suqr1-13.038-0.386,suqr1-9.903-0.324,suqr1-10.39-0.702,suqr1-11.521-0.438,sto1-0.117-0.056-0.08-0.227-0.037-0.483,suqr1-10.708-0.156,sto1-0.06193806193806194-0.18281718281718284-0.02197802197802198-0.02297702297702298-0.2227772227772228-0.48751248751248755,sto1-0.07407407407407407-0.36436436436436437-0.09009009009009009-0.1051051051051051-0.02002002002002002-0.3463463463463463,suqr1-12.6-0.594
