Name,T,0,1,2,3,4,5,Defender,Attacker,Profile,Profile,Profile,Profile,Profile,Profile,Profile,Profile,Profile,Profile,Profile,Profile,Profile,Profile,Profile,Profile,Profile,Profile,Profile,Profile,Profile
FRL1_vs_sto1-0.128-0.226-0.449-0.018-0.167-0.012,200,0.668,0.745,0.67,0.835,0.617,0.997,FRL1,sto1-0.128-0.226-0.449-0.018-0.167-0.012,sto1-0.031968031968031975-0.4865134865134866-0.09090909090909091-0.019980019980019983-0.23376623376623382-0.1368631368631369,sto1-0.128-0.226-0.449-0.018-0.167-0.012,suqr1-8.667-0.688,suqr1-11.747-0.955,suqr1-6.649-0.498,suqr1-5.296-0.842,sto1-0.14-0.021-0.319-0.245-0.127-0.148,suqr1-7.914-0.299,sto1-0.002-0.233-0.234-0.166-0.176-0.189,suqr1-9.81-0.15,sta1,sto1-0.059-0.448-0.359-0.0-0.057-0.077,sto1-0.0950950950950951-0.11211211211211211-0.06406406406406406-0.35535535535535534-0.26326326326326327-0.11011011011011011,sto1-0.023-0.178-0.081-0.415-0.293-0.01,sto1-0.005-0.472-0.211-0.047-0.212-0.053,suqr1-9.816-0.882,suqr1-10.496-0.563,suqr1-12.693-0.199,sto1-0.234-0.055-0.041-0.013-0.265-0.392,sto1-0.247-0.101-0.098-0.006-0.007-0.541,suqr1-14.373-0.319
FB1_vs_sto1-0.128-0.226-0.449-0.018-0.167-0.012,200,0.668,0.745,0.67,0.835,0.617,0.997,FB1,sto1-0.128-0.226-0.449-0.018-0.167-0.012,sto1-0.031968031968031975-0.4865134865134866-0.09090909090909091-0.019980019980019983-0.23376623376623382-0.1368631368631369,sto1-0.128-0.226-0.449-0.018-0.167-0.012,suqr1-8.667-0.688,suqr1-11.747-0.955,suqr1-6.649-0.498,suqr1-5.296-0.842,sto1-0.14-0.021-0.319-0.245-0.127-0.148,suqr1-7.914-0.299,sto1-0.002-0.233-0.234-0.166-0.176-0.189,suqr1-9.81-0.15,sta1,sto1-0.059-0.448-0.359-0.0-0.057-0.077,sto1-0.0950950950950951-0.11211211211211211-0.06406406406406406-0.35535535535535534-0.26326326326326327-0.11011011011011011,sto1-0.023-0.178-0.081-0.415-0.293-0.01,sto1-0.005-0.472-0.211-0.047-0.212-0.053,suqr1-9.816-0.882,suqr1-10.496-0.563,suqr1-12.693-0.199,sto1-0.234-0.055-0.041-0.013-0.265-0.392,sto1-0.247-0.101-0.098-0.006-0.007-0.541,suqr1-14.373-0.319
