Name,T,0,1,2,3,4,5,Defender,Attacker,Profile,Profile,Profile,Profile,Profile,Profile,Profile,Profile,Profile,Profile,Profile,Profile,Profile,Profile,Profile,Profile,Profile,Profile,Profile,Profile,Profile
FRL1_vs_sta1,100,0.777,0.792,0.88,0.928,0.992,0.99,FRL1,sta1,suqr1-7.626-0.298,sto1-0.378-0.09-0.026-0.085-0.324-0.097,sto1-0.425-0.075-0.006-0.225-0.03-0.239,sto1-0.155-0.147-0.012-0.332-0.103-0.251,suqr1-14.515-0.462,sto1-0.016-0.15-0.064-0.146-0.121-0.503,suqr1-11.281-0.392,suqr1-5.339-0.707,sto1-0.025974025974025976-0.2047952047952048-0.19080919080919084-0.0029970029970029974-0.33566433566433573-0.23976023976023977,suqr1-7.414-0.006,sto1-0.003-0.187-0.169-0.396-0.212-0.033,sto1-0.47000000000000003-0.09500000000000001-0.08200000000000002-0.03200000000000001-0.23700000000000002-0.08400000000000002,sto1-0.4234234234234234-0.46646646646646645-0.02302302302302302-0.02202202202202202-0.002002002002002002-0.06306306306306306,suqr1-6.193-0.488,sta1,suqr1-6.769-0.332,suqr1-11.423-0.495,sto1-0.03496503496503497-0.10189810189810188-0.10989010989010987-0.39960039960039956-0.32167832167832167-0.03196803196803197,sto1-0.32432432432432434-0.0960960960960961-0.3183183183183183-0.03903903903903904-0.06606606606606608-0.15615615615615616,suqr1-11.933-0.295,suqr1-6.571-0.95
FB1_vs_sta1,100,0.777,0.792,0.88,0.928,0.992,0.99,FB1,sta1,suqr1-7.626-0.298,sto1-0.378-0.09-0.026-0.085-0.324-0.097,sto1-0.425-0.075-0.006-0.225-0.03-0.239,sto1-0.155-0.147-0.012-0.332-0.103-0.251,suqr1-14.515-0.462,sto1-0.016-0.15-0.064-0.146-0.121-0.503,suqr1-11.281-0.392,suqr1-5.339-0.707,sto1-0.025974025974025976-0.2047952047952048-0.19080919080919084-0.0029970029970029974-0.33566433566433573-0.23976023976023977,suqr1-7.414-0.006,sto1-0.003-0.187-0.169-0.396-0.212-0.033,sto1-0.47000000000000003-0.09500000000000001-0.08200000000000002-0.03200000000000001-0.23700000000000002-0.08400000000000002,sto1-0.4234234234234234-0.46646646646646645-0.02302302302302302-0.02202202202202202-0.002002002002002002-0.06306306306306306,suqr1-6.193-0.488,sta1,suqr1-6.769-0.332,suqr1-11.423-0.495,sto1-0.03496503496503497-0.10189810189810188-0.10989010989010987-0.39960039960039956-0.32167832167832167-0.03196803196803197,sto1-0.32432432432432434-0.0960960960960961-0.3183183183183183-0.03903903903903904-0.06606606606606608-0.15615615615615616,suqr1-11.933-0.295,suqr1-6.571-0.95
