Name,T,0,1,2,3,4,5,Defender,Attacker,Profile,Profile,Profile,Profile,Profile,Profile,Profile,Profile,Profile,Profile,Profile
DMD1_vs_sta1,100,0.952,0.904,0.749,0.696,0.968,0.765,DMD1,sta1,sto1-0.155-0.128-0.033-0.266-0.379-0.039,sto1-0.15915915915915918-0.14414414414414414-0.14114114114114115-0.015015015015015017-0.43743743743743746-0.10310310310310311,sto1-0.29870129870129875-0.004995004995004996-0.04095904095904097-0.09190809190809192-0.007992007992007994-0.5554445554445555,sto1-0.059940059940059943-0.3096903096903097-0.05594405594405595-0.16383616383616387-0.10089910089910091-0.3096903096903097,sto1-0.195-0.084-0.224-0.352-0.108-0.037,sto1-0.5-0.007-0.011-0.046-0.38-0.056,sto1-0.158-0.046-0.186-0.353-0.167-0.09,sto1-0.13486513486513485-0.000999000999000999-0.4675324675324675-0.21478521478521476-0.0929070929070929-0.0889110889110889,sto1-0.262-0.009-0.016-0.058-0.409-0.246,sto1-0.061-0.167-0.375-0.042-0.169-0.186,sta1
