Name,T,0,1,2,3,4,5,Defender,Attacker,Profile,Profile,Profile,Profile,Profile,Profile,Profile,Profile,Profile,Profile,Profile
DMD1_vs_sta1,1000,0.983,0.813,0.828,0.875,0.71,0.758,DMD1,sta1,sto1-0.243-0.205-0.23-0.041-0.141-0.14,sto1-0.4395604395604396-0.23476523476523478-0.18981018981018982-0.03896103896103897-0.059940059940059943-0.03696303696303697,sto1-0.024024024024024024-0.2162162162162162-0.14514514514514515-0.07407407407407407-0.03203203203203203-0.5085085085085085,sta1,sto1-0.155-0.129-0.088-0.387-0.203-0.038,sto1-0.06293706293706294-0.3216783216783217-0.17582417582417584-0.13386613386613389-0.16583416583416585-0.1398601398601399,sto1-0.288-0.059-0.181-0.224-0.013-0.235,sto1-0.012-0.029-0.217-0.231-0.381-0.13,sto1-0.2162162162162162-0.2602602602602603-0.024024024024024024-0.006006006006006006-0.4564564564564565-0.037037037037037035,sto1-0.615-0.206-0.032-0.096-0.0-0.051,sto1-0.12887112887112886-0.01898101898101898-0.00899100899100899-0.000999000999000999-0.7672327672327671-0.07492507492507491
