Name,T,0,1,2,3,4,5,Defender,Attacker,Profile,Profile,Profile,Profile,Profile,Profile,Profile,Profile,Profile,Profile,Profile,Profile,Profile,Profile,Profile,Profile,Profile,Profile,Profile,Profile,Profile,Profile
RE1_vs_sta1,100,0.946,0.903,0.862,0.827,0.794,0.925,RE1,sta1,sto1-0.182-0.268-0.038-0.11-0.143-0.259,sto1-0.028-0.185-0.328-0.033-0.077-0.349,sto1-0.227-0.104-0.609-0.023-0.036-0.001,sto1-0.11388611388611387-0.0889110889110889-0.31568431568431565-0.042957042957042946-0.00899100899100899-0.4295704295704295,sto1-0.188-0.131-0.468-0.023-0.041-0.149,sto1-0.172-0.163-0.083-0.342-0.165-0.075,sto1-0.028-0.349-0.025-0.207-0.152-0.239,sto1-0.551-0.006-0.194-0.243-0.005-0.001,sto1-0.056-0.473-0.145-0.046-0.11-0.17,sto1-0.077-0.17-0.03-0.223-0.495-0.005,sto1-0.3016983016983017-0.19380619380619382-0.08091908091908093-0.12987012987012989-0.02397602397602398-0.26973026973026976,sto1-0.21000000000000002-0.11600000000000002-0.14800000000000002-0.20700000000000002-0.07100000000000001-0.24800000000000003,sto1-0.094-0.316-0.255-0.03-0.129-0.176,sto1-0.007007007007007008-0.10510510510510511-0.05305305305305306-0.41241241241241244-0.11811811811811812-0.30430430430430433,sto1-0.17482517482517484-0.3376623376623377-0.3056943056943057-0.08391608391608393-0.04795204795204796-0.04995004995004996,sto1-0.02302302302302302-0.5705705705705705-0.29429429429429427-0.030030030030030026-0.035035035035035036-0.04704704704704704,sto1-0.045-0.075-0.002-0.491-0.175-0.212,sto1-0.03500000000000001-0.07400000000000001-0.21000000000000002-0.47400000000000003-0.11200000000000002-0.09500000000000001,sto1-0.048-0.477-0.094-0.135-0.071-0.175,sto1-0.538-0.128-0.048-0.081-0.098-0.107,sto1-0.3083083083083083-0.05005005005005005-0.39239239239239243-0.07107107107107107-0.038038038038038034-0.14014014014014015,sta1