Name,T,0,1,2,3,4,5,Defender,Attacker,Profile,Profile,Profile,Profile,Profile,Profile,Profile,Profile,Profile,Profile,Profile,Profile,Profile,Profile,Profile,Profile,Profile,Profile,Profile,Profile,Profile
RE1_vs_sto1-0.343-0.321-0.098-0.075-0.016-0.147,200,0.859,0.724,0.833,1.0,0.792,0.923,RE1,sto1-0.343-0.321-0.098-0.075-0.016-0.147,sto1-0.2782782782782783-0.3043043043043043-0.08808808808808809-0.02902902902902903-0.19619619619619622-0.1041041041041041,sto1-0.066-0.618-0.009-0.043-0.135-0.129,sto1-0.42500000000000004-0.36800000000000005-0.08500000000000002-0.08100000000000002-0.03200000000000001-0.009000000000000001,sto1-0.343-0.321-0.098-0.075-0.016-0.147,sto1-0.046-0.015-0.057-0.584-0.005-0.293,sto1-0.023-0.037-0.324-0.059-0.121-0.436,sto1-0.08791208791208789-0.2877122877122877-0.05494505494505494-0.06593406593406594-0.05394605394605394-0.44955044955044954,sto1-0.05-0.261-0.242-0.027-0.255-0.165,sto1-0.13913913913913914-0.08908908908908908-0.2692692692692693-0.0970970970970971-0.14214214214214213-0.26326326326326327,sto1-0.441-0.019-0.101-0.231-0.031-0.177,sto1-0.1961961961961962-0.1431431431431431-0.2422422422422422-0.029029029029029027-0.06306306306306306-0.3263263263263263,sto1-0.053-0.225-0.022-0.104-0.084-0.512,sto1-0.1258741258741259-0.3866133866133867-0.2417582417582418-0.2147852147852148-0.007992007992007994-0.02297702297702298,sta1,sto1-0.206-0.113-0.118-0.045-0.003-0.515,sto1-0.17682317682317683-0.5654345654345655-0.06393606393606395-0.09890109890109891-0.06893106893106894-0.025974025974025976,sto1-0.3576423576423577-0.04395604395604396-0.16883116883116886-0.07992007992007993-0.2867132867132867-0.06293706293706294,sto1-0.20979020979020976-0.2537462537462537-0.16583416583416583-0.048951048951048945-0.02897102897102897-0.2927072927072927,sto1-0.082-0.261-0.215-0.081-0.343-0.018,sto1-0.084-0.231-0.219-0.178-0.087-0.201,sto1-0.08-0.188-0.29-0.271-0.001-0.17