Name,T,0,1,2,3,4,5,Defender,Attacker,Profile,Profile,Profile,Profile,Profile,Profile,Profile,Profile,Profile,Profile,Profile,Obs0,Obs1,Obs2,Obs3,Obs4,Obs5,Feed_prob0,Feed_prob1,Feed_prob2,Feed_prob3,Feed_prob4,Feed_prob5,Feed_type

FB1_vs_sto1-0.078-0.123-0.132-0.05-0.436-0.181_mab,1000,0.772,0.914,0.94,0.758,0.728,0.858,FB1,sto1-0.078-0.123-0.132-0.05-0.436-0.181,suqr1-9.734-0.835,suqr1-5.674-0.017,suqr1-5.243-0.189,suqr1-8.585-0.57,suqr1-14.072-0.457,sta1,sto1-0.078-0.123-0.132-0.05-0.436-0.181,sto1-0.37337337337337334-0.17117117117117117-0.01201201201201201-0.030030030030030026-0.17717717717717715-0.23623623623623619,sto1-0.1288711288711289-0.06293706293706294-0.17182817182817184-0.2937062937062937-0.1258741258741259-0.2167832167832168,sto1-0.07907907907907909-0.30330330330330335-0.07107107107107108-0.2842842842842843-0.18718718718718722-0.07507507507507508,sto1-0.193-0.26-0.3-0.043-0.175-0.029,1,1,1,1,1,1,1,1,1,1,1,1,mab
FB1_vs_busto_mab,1000,0.772,0.914,0.94,0.758,0.728,0.858,FB1,sto1-0.078-0.123-0.132-0.05-0.436-0.181,suqr1-9.734-0.835,suqr1-5.674-0.017,suqr1-5.243-0.189,suqr1-8.585-0.57,suqr1-14.072-0.457,sta1,busto,,,,,1,1,1,1,1,1,1,1,1,1,1,1,mab

