Name,T,0,1,2,3,4,5,Defender,Attacker,Profile,Profile,Profile,Profile,Profile,Profile,Profile,Profile,Profile,Profile,Profile,Obs0,Obs1,Obs2,Obs3,Obs4,Obs5,Feed_prob0,Feed_prob1,Feed_prob2,Feed_prob3,Feed_prob4,Feed_prob5,Feed_type

FB1_vs_sto1-0.4984984984984984-0.1481481481481481-0.11611611611611611-0.19319319319319317-0.017017017017017015-0.027027027027027025_mab,1000,0.711,0.61,0.791,0.63,0.544,0.664,FB1,sto1-0.4984984984984984-0.1481481481481481-0.11611611611611611-0.19319319319319317-0.017017017017017015-0.027027027027027025,suqr1-13.511-0.365,sto1-0.4984984984984984-0.1481481481481481-0.11611611611611611-0.19319319319319317-0.017017017017017015-0.027027027027027025,suqr1-7.441-0.068,sto1-0.13100000000000003-0.12200000000000001-0.22400000000000003-0.30400000000000005-0.13900000000000004-0.08000000000000002,sta1,sto1-0.101-0.318-0.049-0.399-0.079-0.054,sto1-0.038000000000000006-0.15100000000000002-0.16900000000000004-0.21400000000000002-0.34600000000000003-0.08200000000000002,suqr1-14.722-0.051,sto1-0.27299999999999996-0.31299999999999994-0.06999999999999999-0.04799999999999999-0.07299999999999998-0.22299999999999995,suqr1-6.228-0.987,suqr1-14.658-0.481,1,1,1,1,1,1,1,1,1,1,1,1,mab


FB1_vs_busto_mab,1000,0.711,0.61,0.791,0.63,0.544,0.664,FB1,sto1-0.4984984984984984-0.1481481481481481-0.11611611611611611-0.19319319319319317-0.017017017017017015-0.027027027027027025,suqr1-13.511-0.365,suqr1-7.441-0.068,sta1,suqr1-14.722-0.051,suqr1-6.228-0.987,suqr1-14.658-0.481,busto,,,,,1,1,1,1,1,1,1,1,1,1,1,1,mab
