Name,T,0,1,2,3,4,Defender,Attacker,Profile,Profile,Profile,Profile,Profile,Obs0,Obs1,Obs2,Obs3,Obs4,Feed_prob0,Feed_prob1,Feed_prob2,Feed_prob3,Feed_prob4,Feed_type
FB1_vs_sta1_full,100,0.758,0.781,0.925,0.862,0.945,FB1,sta1,sto1-0.23476523476523473-0.15384615384615383-0.3036963036963037-0.13586413586413587-0.17182817182817178,sta1,suqr1-7.826-0.48,sto1-0.42557442557442554-0.000999000999000999-0.13286713286713286-0.02797202797202797-0.4125874125874125,suqr1-12.137-0.859,1,1,1,1,1,1,1,1,1,1,full
FB1_vs_sta1_mab,100,0.758,0.781,0.925,0.862,0.945,FB1,sta1,sto1-0.23476523476523473-0.15384615384615383-0.3036963036963037-0.13586413586413587-0.17182817182817178,sta1,suqr1-7.826-0.48,sto1-0.42557442557442554-0.000999000999000999-0.13286713286713286-0.02797202797202797-0.4125874125874125,suqr1-12.137-0.859,1,1,1,1,1,1,1,1,1,1,mab
FR1-1_vs_sta1_full,100,0.758,0.781,0.925,0.862,0.945,FR1-1,sta1,sto1-0.23476523476523473-0.15384615384615383-0.3036963036963037-0.13586413586413587-0.17182817182817178,sta1,suqr1-7.826-0.48,sto1-0.42557442557442554-0.000999000999000999-0.13286713286713286-0.02797202797202797-0.4125874125874125,suqr1-12.137-0.859,1,1,1,1,1,1,1,1,1,1,full
FR1-1_vs_sta1_mab,100,0.758,0.781,0.925,0.862,0.945,FR1-1,sta1,sto1-0.23476523476523473-0.15384615384615383-0.3036963036963037-0.13586413586413587-0.17182817182817178,sta1,suqr1-7.826-0.48,sto1-0.42557442557442554-0.000999000999000999-0.13286713286713286-0.02797202797202797-0.4125874125874125,suqr1-12.137-0.859,1,1,1,1,1,1,1,1,1,1,mab
