Name,T,0,1,2,3,4,Defender,Attacker,Profile,Profile,Profile,Profile,Profile,Profile,Obs0,Obs1,Obs2,Obs3,Obs4,Feed_prob0,Feed_prob1,Feed_prob2,Feed_prob3,Feed_prob4,Feed_type
FB1_vs_suqr1-14.492-0.352_full,100,0.886,0.895,0.834,0.724,0.868,FB1,suqr1-14.492-0.352,sta1,suqr1-14.492-0.352,suqr1-9.311-0.007,sto1-0.19519519519519518-0.3513513513513513-0.017017017017017015-0.1251251251251251-0.3113113113113113,sto1-0.3-0.49-0.105-0.08-0.025,sto1-0.003-0.254-0.189-0.462-0.092,1,1,1,1,1,1,1,1,1,1,full
FB1_vs_suqr1-14.492-0.352_mab,100,0.886,0.895,0.834,0.724,0.868,FB1,suqr1-14.492-0.352,sta1,suqr1-14.492-0.352,suqr1-9.311-0.007,sto1-0.19519519519519518-0.3513513513513513-0.017017017017017015-0.1251251251251251-0.3113113113113113,sto1-0.3-0.49-0.105-0.08-0.025,sto1-0.003-0.254-0.189-0.462-0.092,1,1,1,1,1,1,1,1,1,1,mab
FR1-1_vs_suqr1-14.492-0.352_full,100,0.886,0.895,0.834,0.724,0.868,FR1-1,suqr1-14.492-0.352,sta1,suqr1-14.492-0.352,suqr1-9.311-0.007,sto1-0.19519519519519518-0.3513513513513513-0.017017017017017015-0.1251251251251251-0.3113113113113113,sto1-0.3-0.49-0.105-0.08-0.025,sto1-0.003-0.254-0.189-0.462-0.092,1,1,1,1,1,1,1,1,1,1,full
FR1-1_vs_suqr1-14.492-0.352_mab,100,0.886,0.895,0.834,0.724,0.868,FR1-1,suqr1-14.492-0.352,sta1,suqr1-14.492-0.352,suqr1-9.311-0.007,sto1-0.19519519519519518-0.3513513513513513-0.017017017017017015-0.1251251251251251-0.3113113113113113,sto1-0.3-0.49-0.105-0.08-0.025,sto1-0.003-0.254-0.189-0.462-0.092,1,1,1,1,1,1,1,1,1,1,mab
