Name,T,0,1,2,3,4,5,Defender,Attacker,Profile,Profile,Profile,Profile,Profile,Profile,Profile,Profile,Profile,Profile,Profile,Profile,Profile,Profile,Profile,Profile,Profile,Profile,Profile,Profile,Profile,Obs0,Obs1,Obs2,Obs3,Obs4,Obs5,Feed_prob0,Feed_prob1,Feed_prob2,Feed_prob3,Feed_prob4,Feed_prob5,Feed_type
FB1_vs_sta1_full,100,0.609,0.914,0.867,0.651,0.674,0.713,FB1,sta1,suqr1-7.361-0.016,suqr1-9.986-0.832,suqr1-13.857-0.251,sto1-0.109-0.063-0.506-0.135-0.163-0.024,sto1-0.4499999999999999-0.05599999999999999-0.04799999999999999-0.18899999999999995-0.20299999999999996-0.053999999999999986,sto1-0.037-0.055-0.021-0.526-0.27-0.091,suqr1-11.279-0.747,sto1-0.291-0.407-0.243-0.052-0.001-0.006,sto1-0.12412412412412413-0.2652652652652653-0.04604604604604604-0.4514514514514515-0.0970970970970971-0.016016016016016016,sto1-0.181-0.244-0.009-0.292-0.245-0.029,suqr1-5.05-0.262,suqr1-11.433-0.463,sto1-0.05205205205205205-0.05405405405405405-0.26326326326326327-0.2102102102102102-0.05305305305305305-0.36736736736736736,suqr1-11.639-0.669,suqr1-6.192-0.375,sto1-0.074-0.168-0.063-0.216-0.403-0.076,suqr1-11.192-0.855,sto1-0.18-0.279-0.11-0.202-0.223-0.006,sta1,suqr1-10.789-0.559,sto1-0.33733733733733734-0.14314314314314314-0.20320320320320323-0.12512512512512514-0.08408408408408409-0.10710710710710711,1,1,1,1,1,1,1,1,1,1,1,1,full
FB1_vs_sta1_mab,100,0.609,0.914,0.867,0.651,0.674,0.713,FB1,sta1,suqr1-7.361-0.016,suqr1-9.986-0.832,suqr1-13.857-0.251,sto1-0.109-0.063-0.506-0.135-0.163-0.024,sto1-0.4499999999999999-0.05599999999999999-0.04799999999999999-0.18899999999999995-0.20299999999999996-0.053999999999999986,sto1-0.037-0.055-0.021-0.526-0.27-0.091,suqr1-11.279-0.747,sto1-0.291-0.407-0.243-0.052-0.001-0.006,sto1-0.12412412412412413-0.2652652652652653-0.04604604604604604-0.4514514514514515-0.0970970970970971-0.016016016016016016,sto1-0.181-0.244-0.009-0.292-0.245-0.029,suqr1-5.05-0.262,suqr1-11.433-0.463,sto1-0.05205205205205205-0.05405405405405405-0.26326326326326327-0.2102102102102102-0.05305305305305305-0.36736736736736736,suqr1-11.639-0.669,suqr1-6.192-0.375,sto1-0.074-0.168-0.063-0.216-0.403-0.076,suqr1-11.192-0.855,sto1-0.18-0.279-0.11-0.202-0.223-0.006,sta1,suqr1-10.789-0.559,sto1-0.33733733733733734-0.14314314314314314-0.20320320320320323-0.12512512512512514-0.08408408408408409-0.10710710710710711,1,1,1,1,1,1,1,1,1,1,1,1,mab