,exp_loss,actual_regret,exp_regret
0,0.7531069893878343,-0.7189849464402838,0.0341220429475505
1,0.9420000000000001,-0.4959698928805675,0.2571370965072668
2,0.7189849464402838,-0.45295483932085123,0.2571370965072668
3,0.7189849464402838,-0.409939785761135,0.2571370965072668
