Name,T,0,1,2,3,4,5,6,7,8,9,Defender,Attacker,Profile,Profile,Profile,Obs0,Obs1,Obs2,Obs3,Obs4,Obs5,Obs6,Obs7,Obs8,Obs9,Feed_prob0,Feed_prob1,Feed_prob2,Feed_prob3,Feed_prob4,Feed_prob5,Feed_prob6,Feed_prob7,Feed_prob8,Feed_prob9,Feed_type
Full_feedback,1000,0.867,0.979,0.741,0.9,0.837,0.763,0.722,0.65,0.896,0.759,FB1,suqr1-12.351-0.796,sta1,sto1-0.05000000000000001-0.04800000000000001-0.19900000000000004-0.15800000000000003-0.007000000000000001-0.046000000000000006-0.027000000000000003-0.037000000000000005-0.20300000000000004-0.22500000000000003,suqr1-12.351-0.796,1,1,1,1,1,1,1,1,1,1,1,1,1,1,1,1,1,1,1,1,full
MAB_feedback,1000,0.867,0.979,0.741,0.9,0.837,0.763,0.722,0.65,0.896,0.759,FB1,suqr1-12.351-0.796,sta1,sto1-0.05000000000000001-0.04800000000000001-0.19900000000000004-0.15800000000000003-0.007000000000000001-0.046000000000000006-0.027000000000000003-0.037000000000000005-0.20300000000000004-0.22500000000000003,suqr1-12.351-0.796,1,1,1,1,1,1,1,1,1,1,1,1,1,1,1,1,1,1,1,1,mab
