Name,T,0,1,2,3,4,5,6,7,8,9,Defender,Attacker,Profile,Profile,Profile,Obs0,Obs1,Obs2,Obs3,Obs4,Obs5,Obs6,Obs7,Obs8,Obs9,Feed_prob0,Feed_prob1,Feed_prob2,Feed_prob3,Feed_prob4,Feed_prob5,Feed_prob6,Feed_prob7,Feed_prob8,Feed_prob9,Feed_type
Full_feedback,1000,0.87,0.9,0.996,0.985,0.897,0.982,0.928,0.938,0.801,0.96,FB1,suqr1-7.04-0.589,sto1-0.03996003996003997-0.2377622377622378-0.2117882117882118-0.1098901098901099-0.05794205794205795-0.05694305694305695-0.12387612387612389-0.019980019980019983-0.1278721278721279-0.013986013986013988,sta1,suqr1-7.04-0.589,1,1,1,1,1,1,1,1,1,1,1,1,1,1,1,1,1,1,1,1,full
MAB_feedback,1000,0.87,0.9,0.996,0.985,0.897,0.982,0.928,0.938,0.801,0.96,FB1,suqr1-7.04-0.589,sto1-0.03996003996003997-0.2377622377622378-0.2117882117882118-0.1098901098901099-0.05794205794205795-0.05694305694305695-0.12387612387612389-0.019980019980019983-0.1278721278721279-0.013986013986013988,sta1,suqr1-7.04-0.589,1,1,1,1,1,1,1,1,1,1,1,1,1,1,1,1,1,1,1,1,mab
