Name,T,0,1,2,3,4,5,6,7,8,9,Defender,Attacker,Profile,Profile,Profile,Obs0,Obs1,Obs2,Obs3,Obs4,Obs5,Obs6,Obs7,Obs8,Obs9,Feed_prob0,Feed_prob1,Feed_prob2,Feed_prob3,Feed_prob4,Feed_prob5,Feed_prob6,Feed_prob7,Feed_prob8,Feed_prob9,Feed_type
Full_feedback,1000,0.649,0.733,0.792,0.998,0.638,0.641,0.785,0.891,0.735,0.705,FB1,suqr1-11.45-0.423,suqr1-11.45-0.423,sta1,sto1-0.04704704704704704-0.051051051051051045-0.07907907907907907-0.009009009009009007-0.004004004004004004-0.01101101101101101-0.4384384384384384-0.05405405405405405-0.29229229229229226-0.014014014014014012,1,1,1,1,1,1,1,1,1,1,1,1,1,1,1,1,1,1,1,1,full
MAB_feedback,1000,0.649,0.733,0.792,0.998,0.638,0.641,0.785,0.891,0.735,0.705,FB1,suqr1-11.45-0.423,suqr1-11.45-0.423,sta1,sto1-0.04704704704704704-0.051051051051051045-0.07907907907907907-0.009009009009009007-0.004004004004004004-0.01101101101101101-0.4384384384384384-0.05405405405405405-0.29229229229229226-0.014014014014014012,1,1,1,1,1,1,1,1,1,1,1,1,1,1,1,1,1,1,1,1,mab
