Name,T,0,1,2,3,4,5,6,7,8,9,Defender,Attacker,Profile,Profile,Profile,Obs0,Obs1,Obs2,Obs3,Obs4,Obs5,Obs6,Obs7,Obs8,Obs9,Feed_prob0,Feed_prob1,Feed_prob2,Feed_prob3,Feed_prob4,Feed_prob5,Feed_prob6,Feed_prob7,Feed_prob8,Feed_prob9,Feed_type
Full_feedback,1000,0.517,0.801,1.0,0.524,0.536,0.693,0.803,0.859,0.655,0.95,FB1,suqr1-6.802-0.13,suqr1-6.802-0.13,sta1,sto1-0.12212212212212212-0.008008008008008008-0.019019019019019017-0.1081081081081081-0.31931931931931934-0.05305305305305305-0.042042042042042045-0.13013013013013014-0.08608608608608607-0.11211211211211211,1,1,1,1,1,1,1,1,1,1,1,1,1,1,1,1,1,1,1,1,full
MAB_feedback,1000,0.517,0.801,1.0,0.524,0.536,0.693,0.803,0.859,0.655,0.95,FB1,suqr1-6.802-0.13,suqr1-6.802-0.13,sta1,sto1-0.12212212212212212-0.008008008008008008-0.019019019019019017-0.1081081081081081-0.31931931931931934-0.05305305305305305-0.042042042042042045-0.13013013013013014-0.08608608608608607-0.11211211211211211,1,1,1,1,1,1,1,1,1,1,1,1,1,1,1,1,1,1,1,1,mab
