Name,T,0,1,2,3,4,5,6,7,8,9,Defender,Attacker,Profile,Profile,Profile,Obs0,Obs1,Obs2,Obs3,Obs4,Obs5,Obs6,Obs7,Obs8,Obs9,Feed_prob0,Feed_prob1,Feed_prob2,Feed_prob3,Feed_prob4,Feed_prob5,Feed_prob6,Feed_prob7,Feed_prob8,Feed_prob9,Feed_type
Full_feedback,1000,0.819,0.915,0.982,0.83,0.889,0.978,0.848,0.768,0.908,0.964,FB1,suqr1-6.063-0.547,sto1-0.28228228228228225-0.03603603603603603-0.02102102102102102-0.29429429429429427-0.21121121121121117-0.07007007007007007-0.009009009009009007-0.015015015015015013-0.02102102102102102-0.04004004004004004,sta1,suqr1-6.063-0.547,1,1,1,1,1,1,1,1,1,1,1,1,1,1,1,1,1,1,1,1,full
MAB_feedback,1000,0.819,0.915,0.982,0.83,0.889,0.978,0.848,0.768,0.908,0.964,FB1,suqr1-6.063-0.547,sto1-0.28228228228228225-0.03603603603603603-0.02102102102102102-0.29429429429429427-0.21121121121121117-0.07007007007007007-0.009009009009009007-0.015015015015015013-0.02102102102102102-0.04004004004004004,sta1,suqr1-6.063-0.547,1,1,1,1,1,1,1,1,1,1,1,1,1,1,1,1,1,1,1,1,mab
