Name,T,0,1,2,3,4,5,6,7,8,9,Defender,Attacker,Profile,Profile,Profile,Profile,Profile,Profile,Obs0,Obs1,Obs2,Obs3,Obs4,Obs5,Obs6,Obs7,Obs8,Obs9,Feed_prob0,Feed_prob1,Feed_prob2,Feed_prob3,Feed_prob4,Feed_prob5,Feed_prob6,Feed_prob7,Feed_prob8,Feed_prob9,Feed_type
Full_feedback,1000,0.722,0.94,0.996,0.947,0.812,0.876,0.587,0.64,0.869,0.671,FB1,sto1-0.07007007007007009-0.0920920920920921-0.03903903903903904-0.30130130130130134-0.03903903903903904-0.14414414414414414-0.01601601601601602-0.04204204204204205-0.07607607607607608-0.1801801801801802,sto1-0.09-0.107-0.051-0.213-0.004-0.208-0.222-0.045-0.004-0.056,sta1,sto1-0.07007007007007009-0.0920920920920921-0.03903903903903904-0.30130130130130134-0.03903903903903904-0.14414414414414414-0.01601601601601602-0.04204204204204205-0.07607607607607608-0.1801801801801802,sto1-0.052052052052052045-0.045045045045045036-0.028028028028028024-0.19219219219219216-0.02202202202202202-0.008008008008008008-0.09409409409409408-0.30230230230230226-0.045045045045045036-0.21121121121121117,sto1-0.05-0.153-0.008-0.03-0.002-0.001-0.231-0.252-0.207-0.066,sto1-0.07407407407407407-0.0850850850850851-0.12012012012012012-0.004004004004004004-0.019019019019019017-0.1181181181181181-0.002002002002002002-0.07507507507507508-0.14214214214214213-0.36036036036036034,1,1,1,1,1,1,1,1,1,1,1,1,1,1,1,1,1,1,1,1,full
MAB_feedback,1000,0.722,0.94,0.996,0.947,0.812,0.876,0.587,0.64,0.869,0.671,FB1,sto1-0.07007007007007009-0.0920920920920921-0.03903903903903904-0.30130130130130134-0.03903903903903904-0.14414414414414414-0.01601601601601602-0.04204204204204205-0.07607607607607608-0.1801801801801802,sto1-0.09-0.107-0.051-0.213-0.004-0.208-0.222-0.045-0.004-0.056,sta1,sto1-0.07007007007007009-0.0920920920920921-0.03903903903903904-0.30130130130130134-0.03903903903903904-0.14414414414414414-0.01601601601601602-0.04204204204204205-0.07607607607607608-0.1801801801801802,sto1-0.052052052052052045-0.045045045045045036-0.028028028028028024-0.19219219219219216-0.02202202202202202-0.008008008008008008-0.09409409409409408-0.30230230230230226-0.045045045045045036-0.21121121121121117,sto1-0.05-0.153-0.008-0.03-0.002-0.001-0.231-0.252-0.207-0.066,sto1-0.07407407407407407-0.0850850850850851-0.12012012012012012-0.004004004004004004-0.019019019019019017-0.1181181181181181-0.002002002002002002-0.07507507507507508-0.14214214214214213-0.36036036036036034,1,1,1,1,1,1,1,1,1,1,1,1,1,1,1,1,1,1,1,1,mab
