Name,T,0,1,2,3,4,5,6,7,8,9,Defender,Attacker,Profile,Profile,Profile,Profile,Profile,Profile,Obs0,Obs1,Obs2,Obs3,Obs4,Obs5,Obs6,Obs7,Obs8,Obs9,Feed_prob0,Feed_prob1,Feed_prob2,Feed_prob3,Feed_prob4,Feed_prob5,Feed_prob6,Feed_prob7,Feed_prob8,Feed_prob9,Feed_type
Full_feedback,1000,0.841,0.755,0.906,0.626,0.751,0.966,0.811,0.896,0.938,0.79,FB1,sto1-0.15884115884115882-0.17082917082917082-0.02697302697302697-0.012987012987012984-0.06493506493506493-0.047952047952047945-0.0779220779220779-0.006993006993006992-0.26873126873126874-0.1638361638361638,sto1-0.15884115884115882-0.17082917082917082-0.02697302697302697-0.012987012987012984-0.06493506493506493-0.047952047952047945-0.0779220779220779-0.006993006993006992-0.26873126873126874-0.1638361638361638,sto1-0.03-0.03-0.466-0.009-0.153-0.026-0.082-0.096-0.053-0.055,sto1-0.17382617382617382-0.10689310689310691-0.05394605394605395-0.058941058941058944-0.14985014985014986-0.18081918081918083-0.058941058941058944-0.02297702297702298-0.02497502497502498-0.16883116883116886,sta1,sto1-0.136-0.093-0.093-0.003-0.248-0.278-0.062-0.015-0.008-0.064,sto1-0.014970059880239521-0.15868263473053892-0.0499001996007984-0.124750499001996-0.16467065868263475-0.12574850299401197-0.001996007984031936-0.20459081836327345-0.08183632734530938-0.07285429141716566,1,1,1,1,1,1,1,1,1,1,1,1,1,1,1,1,1,1,1,1,full
MAB_feedback,1000,0.841,0.755,0.906,0.626,0.751,0.966,0.811,0.896,0.938,0.79,FB1,sto1-0.15884115884115882-0.17082917082917082-0.02697302697302697-0.012987012987012984-0.06493506493506493-0.047952047952047945-0.0779220779220779-0.006993006993006992-0.26873126873126874-0.1638361638361638,sto1-0.15884115884115882-0.17082917082917082-0.02697302697302697-0.012987012987012984-0.06493506493506493-0.047952047952047945-0.0779220779220779-0.006993006993006992-0.26873126873126874-0.1638361638361638,sto1-0.03-0.03-0.466-0.009-0.153-0.026-0.082-0.096-0.053-0.055,sto1-0.17382617382617382-0.10689310689310691-0.05394605394605395-0.058941058941058944-0.14985014985014986-0.18081918081918083-0.058941058941058944-0.02297702297702298-0.02497502497502498-0.16883116883116886,sta1,sto1-0.136-0.093-0.093-0.003-0.248-0.278-0.062-0.015-0.008-0.064,sto1-0.014970059880239521-0.15868263473053892-0.0499001996007984-0.124750499001996-0.16467065868263475-0.12574850299401197-0.001996007984031936-0.20459081836327345-0.08183632734530938-0.07285429141716566,1,1,1,1,1,1,1,1,1,1,1,1,1,1,1,1,1,1,1,1,mab
