Name,T,0,1,2,3,4,5,6,7,8,9,Defender,Attacker,Profile,Profile,Profile,Profile,Profile,Profile,Obs0,Obs1,Obs2,Obs3,Obs4,Obs5,Obs6,Obs7,Obs8,Obs9,Feed_prob0,Feed_prob1,Feed_prob2,Feed_prob3,Feed_prob4,Feed_prob5,Feed_prob6,Feed_prob7,Feed_prob8,Feed_prob9,Feed_type
Full_feedback,1000,0.977,0.796,0.99,0.837,0.784,0.77,0.771,0.949,0.597,0.713,FB1,sto1-0.09409409409409408-0.07907907907907907-0.1051051051051051-0.06306306306306306-0.3343343343343343-0.015015015015015013-0.16516516516516516-0.02402402402402402-0.06806806806806806-0.052052052052052045,sto1-0.236-0.207-0.026-0.007-0.021-0.022-0.32-0.137-0.017-0.007,sto1-0.09409409409409408-0.07907907907907907-0.1051051051051051-0.06306306306306306-0.3343343343343343-0.015015015015015013-0.16516516516516516-0.02402402402402402-0.06806806806806806-0.052052052052052045,sta1,sto1-0.018018018018018018-0.3743743743743744-0.07607607607607607-0.021021021021021023-0.11211211211211211-0.24024024024024024-0.03003003003003003-0.001001001001001001-0.0970970970970971-0.03003003003003003,sto1-0.03303303303303304-0.15615615615615616-0.14414414414414414-0.11911911911911911-0.07307307307307306-0.2122122122122122-0.14614614614614613-0.049049049049049054-0.04804804804804805-0.019019019019019017,sto1-0.066-0.583-0.016-0.041-0.041-0.063-0.056-0.007-0.072-0.055,1,1,1,1,1,1,1,1,1,1,1,1,1,1,1,1,1,1,1,1,full
MAB_feedback,1000,0.977,0.796,0.99,0.837,0.784,0.77,0.771,0.949,0.597,0.713,FB1,sto1-0.09409409409409408-0.07907907907907907-0.1051051051051051-0.06306306306306306-0.3343343343343343-0.015015015015015013-0.16516516516516516-0.02402402402402402-0.06806806806806806-0.052052052052052045,sto1-0.236-0.207-0.026-0.007-0.021-0.022-0.32-0.137-0.017-0.007,sto1-0.09409409409409408-0.07907907907907907-0.1051051051051051-0.06306306306306306-0.3343343343343343-0.015015015015015013-0.16516516516516516-0.02402402402402402-0.06806806806806806-0.052052052052052045,sta1,sto1-0.018018018018018018-0.3743743743743744-0.07607607607607607-0.021021021021021023-0.11211211211211211-0.24024024024024024-0.03003003003003003-0.001001001001001001-0.0970970970970971-0.03003003003003003,sto1-0.03303303303303304-0.15615615615615616-0.14414414414414414-0.11911911911911911-0.07307307307307306-0.2122122122122122-0.14614614614614613-0.049049049049049054-0.04804804804804805-0.019019019019019017,sto1-0.066-0.583-0.016-0.041-0.041-0.063-0.056-0.007-0.072-0.055,1,1,1,1,1,1,1,1,1,1,1,1,1,1,1,1,1,1,1,1,mab
