Name,T,0,1,2,3,4,5,6,7,8,9,Defender,Attacker,Profile,Profile,Profile,Profile,Profile,Profile,Obs0,Obs1,Obs2,Obs3,Obs4,Obs5,Obs6,Obs7,Obs8,Obs9,Feed_prob0,Feed_prob1,Feed_prob2,Feed_prob3,Feed_prob4,Feed_prob5,Feed_prob6,Feed_prob7,Feed_prob8,Feed_prob9,Feed_type
Full_feedback,1000,0.819,0.829,0.77,0.714,0.971,0.847,0.936,0.756,0.917,0.962,FB1,sto1-0.009-0.034-0.118-0.106-0.023-0.355-0.244-0.016-0.016-0.079,sto1-0.06093906093906093-0.011988011988011986-0.010989010989010986-0.012987012987012984-0.4505494505494505-0.043956043956043946-0.16983016983016982-0.029970029970029965-0.06393606393606394-0.14485514485514484,sta1,sto1-0.009-0.034-0.118-0.106-0.023-0.355-0.244-0.016-0.016-0.079,sto1-0.048-0.208-0.004-0.205-0.015-0.274-0.029-0.047-0.018-0.152,sto1-0.059-0.063-0.35-0.092-0.038-0.146-0.059-0.031-0.035-0.127,sto1-0.08199999999999999-0.13899999999999998-0.14499999999999996-0.05799999999999999-0.14299999999999996-0.012999999999999996-0.10799999999999997-0.13299999999999998-0.06299999999999999-0.11599999999999998,1,1,1,1,1,1,1,1,1,1,1,1,1,1,1,1,1,1,1,1,full
MAB_feedback,1000,0.819,0.829,0.77,0.714,0.971,0.847,0.936,0.756,0.917,0.962,FB1,sto1-0.009-0.034-0.118-0.106-0.023-0.355-0.244-0.016-0.016-0.079,sto1-0.06093906093906093-0.011988011988011986-0.010989010989010986-0.012987012987012984-0.4505494505494505-0.043956043956043946-0.16983016983016982-0.029970029970029965-0.06393606393606394-0.14485514485514484,sta1,sto1-0.009-0.034-0.118-0.106-0.023-0.355-0.244-0.016-0.016-0.079,sto1-0.048-0.208-0.004-0.205-0.015-0.274-0.029-0.047-0.018-0.152,sto1-0.059-0.063-0.35-0.092-0.038-0.146-0.059-0.031-0.035-0.127,sto1-0.08199999999999999-0.13899999999999998-0.14499999999999996-0.05799999999999999-0.14299999999999996-0.012999999999999996-0.10799999999999997-0.13299999999999998-0.06299999999999999-0.11599999999999998,1,1,1,1,1,1,1,1,1,1,1,1,1,1,1,1,1,1,1,1,mab
