Name,T,0,1,2,3,4,5,6,7,8,9,Defender,Attacker,Profile,Profile,Profile,Profile,Profile,Profile,Obs0,Obs1,Obs2,Obs3,Obs4,Obs5,Obs6,Obs7,Obs8,Obs9,Feed_prob0,Feed_prob1,Feed_prob2,Feed_prob3,Feed_prob4,Feed_prob5,Feed_prob6,Feed_prob7,Feed_prob8,Feed_prob9,Feed_type
Full_feedback,1000,0.823,0.763,0.707,0.705,0.864,0.935,0.897,0.891,0.878,0.918,FB1,sto1-0.015015015015015017-0.06706706706706708-0.036036036036036036-0.12412412412412414-0.1661661661661662-0.4184184184184184-0.0020020020020020024-0.07307307307307308-0.009009009009009009-0.0890890890890891,sto1-0.176-0.007-0.024-0.244-0.138-0.221-0.029-0.039-0.065-0.057,sto1-0.015015015015015017-0.06706706706706708-0.036036036036036036-0.12412412412412414-0.1661661661661662-0.4184184184184184-0.0020020020020020024-0.07307307307307308-0.009009009009009009-0.0890890890890891,sto1-0.029970029970029972-0.09790209790209792-0.1098901098901099-0.11288711288711291-0.3076923076923077-0.03896103896103897-0.004995004995004996-0.19380619380619382-0.08791208791208792-0.015984015984015987,sta1,sto1-0.23876123876123878-0.14485514485514486-0.16483516483516486-0.07792207792207793-0.08691308691308691-0.02397602397602398-0.11488511488511491-0.012987012987012988-0.12387612387612389-0.01098901098901099,sto1-0.003-0.033-0.044-0.24-0.017-0.016-0.066-0.229-0.241-0.111,1,1,1,1,1,1,1,1,1,1,1,1,1,1,1,1,1,1,1,1,full
MAB_feedback,1000,0.823,0.763,0.707,0.705,0.864,0.935,0.897,0.891,0.878,0.918,FB1,sto1-0.015015015015015017-0.06706706706706708-0.036036036036036036-0.12412412412412414-0.1661661661661662-0.4184184184184184-0.0020020020020020024-0.07307307307307308-0.009009009009009009-0.0890890890890891,sto1-0.176-0.007-0.024-0.244-0.138-0.221-0.029-0.039-0.065-0.057,sto1-0.015015015015015017-0.06706706706706708-0.036036036036036036-0.12412412412412414-0.1661661661661662-0.4184184184184184-0.0020020020020020024-0.07307307307307308-0.009009009009009009-0.0890890890890891,sto1-0.029970029970029972-0.09790209790209792-0.1098901098901099-0.11288711288711291-0.3076923076923077-0.03896103896103897-0.004995004995004996-0.19380619380619382-0.08791208791208792-0.015984015984015987,sta1,sto1-0.23876123876123878-0.14485514485514486-0.16483516483516486-0.07792207792207793-0.08691308691308691-0.02397602397602398-0.11488511488511491-0.012987012987012988-0.12387612387612389-0.01098901098901099,sto1-0.003-0.033-0.044-0.24-0.017-0.016-0.066-0.229-0.241-0.111,1,1,1,1,1,1,1,1,1,1,1,1,1,1,1,1,1,1,1,1,mab
