Name,T,0,1,2,3,4,5,6,7,8,9,Defender,Attacker,Profile,Profile,Profile,Profile,Profile,Profile,Obs0,Obs1,Obs2,Obs3,Obs4,Obs5,Obs6,Obs7,Obs8,Obs9,Feed_prob0,Feed_prob1,Feed_prob2,Feed_prob3,Feed_prob4,Feed_prob5,Feed_prob6,Feed_prob7,Feed_prob8,Feed_prob9,Feed_type
Full_feedback,1000,0.859,0.992,0.784,0.686,0.885,0.718,0.765,0.769,0.756,0.988,FB1,sto1-0.545-0.023-0.005-0.051-0.089-0.105-0.04-0.081-0.053-0.008,sto1-0.04-0.127-0.033-0.066-0.015-0.247-0.219-0.002-0.118-0.133,sto1-0.021021021021021023-0.06106106106106106-0.2932932932932933-0.09109109109109109-0.003003003003003003-0.14114114114114112-0.11011011011011011-0.07007007007007007-0.07607607607607607-0.13313313313313313,sta1,sto1-0.545-0.023-0.005-0.051-0.089-0.105-0.04-0.081-0.053-0.008,sto1-0.28728728728728725-0.11411411411411412-0.08608608608608607-0.07707707707707707-0.024024024024024024-0.062062062062062065-0.21921921921921922-0.041041041041041046-0.04504504504504504-0.044044044044044044,sto1-0.05-0.147-0.005-0.042-0.076-0.161-0.031-0.107-0.38-0.001,1,1,1,1,1,1,1,1,1,1,1,1,1,1,1,1,1,1,1,1,full
MAB_feedback,1000,0.859,0.992,0.784,0.686,0.885,0.718,0.765,0.769,0.756,0.988,FB1,sto1-0.545-0.023-0.005-0.051-0.089-0.105-0.04-0.081-0.053-0.008,sto1-0.04-0.127-0.033-0.066-0.015-0.247-0.219-0.002-0.118-0.133,sto1-0.021021021021021023-0.06106106106106106-0.2932932932932933-0.09109109109109109-0.003003003003003003-0.14114114114114112-0.11011011011011011-0.07007007007007007-0.07607607607607607-0.13313313313313313,sta1,sto1-0.545-0.023-0.005-0.051-0.089-0.105-0.04-0.081-0.053-0.008,sto1-0.28728728728728725-0.11411411411411412-0.08608608608608607-0.07707707707707707-0.024024024024024024-0.062062062062062065-0.21921921921921922-0.041041041041041046-0.04504504504504504-0.044044044044044044,sto1-0.05-0.147-0.005-0.042-0.076-0.161-0.031-0.107-0.38-0.001,1,1,1,1,1,1,1,1,1,1,1,1,1,1,1,1,1,1,1,1,mab
