Name,T,0,1,2,3,4,5,6,7,8,9,Defender,Attacker,Profile,Profile,Profile,Profile,Profile,Profile,Obs0,Obs1,Obs2,Obs3,Obs4,Obs5,Obs6,Obs7,Obs8,Obs9,Feed_prob0,Feed_prob1,Feed_prob2,Feed_prob3,Feed_prob4,Feed_prob5,Feed_prob6,Feed_prob7,Feed_prob8,Feed_prob9,Feed_type
Full_feedback,1000,0.728,0.88,0.642,0.878,0.604,0.842,0.959,0.714,0.64,0.711,FB1,sto1-0.161-0.274-0.069-0.166-0.053-0.029-0.125-0.029-0.025-0.069,sto1-0.187-0.006-0.416-0.045-0.098-0.109-0.065-0.002-0.017-0.055,sto1-0.161-0.274-0.069-0.166-0.053-0.029-0.125-0.029-0.025-0.069,sto1-0.134-0.082-0.1-0.091-0.045-0.108-0.167-0.237-0.034-0.002,sto1-0.05594405594405595-0.06693306693306694-0.09990009990009992-0.11688311688311691-0.04295704295704296-0.16783216783216787-0.027972027972027975-0.08791208791208792-0.08391608391608393-0.2497502497502498,sto1-0.31162324649298595-0.01603206412825651-0.11723446893787574-0.15430861723446893-0.024048096192384766-0.08216432865731463-0.012024048096192383-0.23747494989979956-0.0-0.04509018036072144,sta1,1,1,1,1,1,1,1,1,1,1,1,1,1,1,1,1,1,1,1,1,full
MAB_feedback,1000,0.728,0.88,0.642,0.878,0.604,0.842,0.959,0.714,0.64,0.711,FB1,sto1-0.161-0.274-0.069-0.166-0.053-0.029-0.125-0.029-0.025-0.069,sto1-0.187-0.006-0.416-0.045-0.098-0.109-0.065-0.002-0.017-0.055,sto1-0.161-0.274-0.069-0.166-0.053-0.029-0.125-0.029-0.025-0.069,sto1-0.134-0.082-0.1-0.091-0.045-0.108-0.167-0.237-0.034-0.002,sto1-0.05594405594405595-0.06693306693306694-0.09990009990009992-0.11688311688311691-0.04295704295704296-0.16783216783216787-0.027972027972027975-0.08791208791208792-0.08391608391608393-0.2497502497502498,sto1-0.31162324649298595-0.01603206412825651-0.11723446893787574-0.15430861723446893-0.024048096192384766-0.08216432865731463-0.012024048096192383-0.23747494989979956-0.0-0.04509018036072144,sta1,1,1,1,1,1,1,1,1,1,1,1,1,1,1,1,1,1,1,1,1,mab
