Name,T,0,1,2,3,4,5,6,7,8,9,Defender,Attacker,Profile,Profile,Profile,Profile,Profile,Profile,Obs0,Obs1,Obs2,Obs3,Obs4,Obs5,Obs6,Obs7,Obs8,Obs9,Feed_prob0,Feed_prob1,Feed_prob2,Feed_prob3,Feed_prob4,Feed_prob5,Feed_prob6,Feed_prob7,Feed_prob8,Feed_prob9,Feed_type
Full_feedback,1000,0.62,0.704,0.797,0.816,0.895,0.593,0.78,0.895,0.569,0.789,FB1,sto1-0.009000000000000001-0.13400000000000004-0.23900000000000002-0.10200000000000001-0.08100000000000002-0.036000000000000004-0.021000000000000005-0.16100000000000003-0.21500000000000002-0.0020000000000000005,sto1-0.052052052052052045-0.035035035035035036-0.15415415415415412-0.005005005005005005-0.01201201201201201-0.19119119119119118-0.2732732732732733-0.019019019019019017-0.18318318318318316-0.07507507507507506,sto1-0.078-0.083-0.009-0.348-0.002-0.219-0.023-0.104-0.042-0.092,sto1-0.1091091091091091-0.005005005005005005-0.11411411411411412-0.07907907907907907-0.10210210210210209-0.003003003003003003-0.044044044044044044-0.5145145145145146-0.027027027027027025-0.002002002002002002,sto1-0.009000000000000001-0.13400000000000004-0.23900000000000002-0.10200000000000001-0.08100000000000002-0.036000000000000004-0.021000000000000005-0.16100000000000003-0.21500000000000002-0.0020000000000000005,sto1-0.316-0.019-0.048-0.175-0.035-0.065-0.01-0.076-0.07-0.186,sta1,1,1,1,1,1,1,1,1,1,1,1,1,1,1,1,1,1,1,1,1,full
MAB_feedback,1000,0.62,0.704,0.797,0.816,0.895,0.593,0.78,0.895,0.569,0.789,FB1,sto1-0.009000000000000001-0.13400000000000004-0.23900000000000002-0.10200000000000001-0.08100000000000002-0.036000000000000004-0.021000000000000005-0.16100000000000003-0.21500000000000002-0.0020000000000000005,sto1-0.052052052052052045-0.035035035035035036-0.15415415415415412-0.005005005005005005-0.01201201201201201-0.19119119119119118-0.2732732732732733-0.019019019019019017-0.18318318318318316-0.07507507507507506,sto1-0.078-0.083-0.009-0.348-0.002-0.219-0.023-0.104-0.042-0.092,sto1-0.1091091091091091-0.005005005005005005-0.11411411411411412-0.07907907907907907-0.10210210210210209-0.003003003003003003-0.044044044044044044-0.5145145145145146-0.027027027027027025-0.002002002002002002,sto1-0.009000000000000001-0.13400000000000004-0.23900000000000002-0.10200000000000001-0.08100000000000002-0.036000000000000004-0.021000000000000005-0.16100000000000003-0.21500000000000002-0.0020000000000000005,sto1-0.316-0.019-0.048-0.175-0.035-0.065-0.01-0.076-0.07-0.186,sta1,1,1,1,1,1,1,1,1,1,1,1,1,1,1,1,1,1,1,1,1,mab
