Name,T,0,1,2,3,4,5,6,7,8,9,Defender,Attacker,Profile,Profile,Profile,Obs0,Obs1,Obs2,Obs3,Obs4,Obs5,Obs6,Obs7,Obs8,Obs9,Feed_prob0,Feed_prob1,Feed_prob2,Feed_prob3,Feed_prob4,Feed_prob5,Feed_prob6,Feed_prob7,Feed_prob8,Feed_prob9,Feed_type
Full_feedback,1000,0.574,0.631,0.671,0.586,0.8,0.829,0.635,0.781,0.727,0.902,FB1,sta1,sta1,suqr1-11.154-0.182,sto1-0.12124248496993988-0.11923847695390781-0.006012024048096192-0.013026052104208416-0.11122244488977956-0.08216432865731463-0.2635270541082164-0.04509018036072144-0.09819639278557114-0.1402805611222445,1,1,1,1,1,1,1,1,1,1,1,1,1,1,1,1,1,1,1,1,full
MAB_feedback,1000,0.574,0.631,0.671,0.586,0.8,0.829,0.635,0.781,0.727,0.902,FB1,sta1,sta1,suqr1-11.154-0.182,sto1-0.12124248496993988-0.11923847695390781-0.006012024048096192-0.013026052104208416-0.11122244488977956-0.08216432865731463-0.2635270541082164-0.04509018036072144-0.09819639278557114-0.1402805611222445,1,1,1,1,1,1,1,1,1,1,1,1,1,1,1,1,1,1,1,1,mab
