Name,T,0,1,2,3,4,5,6,7,8,9,Defender,Attacker,Profile,Profile,Profile,Obs0,Obs1,Obs2,Obs3,Obs4,Obs5,Obs6,Obs7,Obs8,Obs9,Feed_prob0,Feed_prob1,Feed_prob2,Feed_prob3,Feed_prob4,Feed_prob5,Feed_prob6,Feed_prob7,Feed_prob8,Feed_prob9,Feed_type
Full_feedback,1000,0.951,0.686,0.873,0.753,0.885,0.843,0.734,0.832,0.81,0.98,FB1,sta1,sta1,suqr1-12.665-0.338,sto1-0.1906187624750499-0.021956087824351295-0.25848303393213573-0.15069860279441116-0.017964071856287425-0.00499001996007984-0.11177644710578842-0.10379241516966067-0.001996007984031936-0.1377245508982036,1,1,1,1,1,1,1,1,1,1,1,1,1,1,1,1,1,1,1,1,full
MAB_feedback,1000,0.951,0.686,0.873,0.753,0.885,0.843,0.734,0.832,0.81,0.98,FB1,sta1,sta1,suqr1-12.665-0.338,sto1-0.1906187624750499-0.021956087824351295-0.25848303393213573-0.15069860279441116-0.017964071856287425-0.00499001996007984-0.11177644710578842-0.10379241516966067-0.001996007984031936-0.1377245508982036,1,1,1,1,1,1,1,1,1,1,1,1,1,1,1,1,1,1,1,1,mab
