Name,T,0,1,2,3,4,5,6,7,8,9,Defender,Attacker,Profile,Profile,Profile,Obs0,Obs1,Obs2,Obs3,Obs4,Obs5,Obs6,Obs7,Obs8,Obs9,Feed_prob0,Feed_prob1,Feed_prob2,Feed_prob3,Feed_prob4,Feed_prob5,Feed_prob6,Feed_prob7,Feed_prob8,Feed_prob9,Feed_type
Full_feedback,1000,0.713,0.411,0.35,0.38,0.442,0.839,0.938,0.896,0.781,0.774,FB1,sta1,suqr1-12.667-0.799,sta1,sto1-0.06893106893106893-0.030969030969030965-0.009990009990009988-0.16683316683316682-0.09390609390609389-0.06193806193806193-0.06793206793206794-0.21078921078921076-0.043956043956043946-0.2447552447552447,1,1,1,1,1,1,1,1,1,1,1,1,1,1,1,1,1,1,1,1,full
MAB_feedback,1000,0.713,0.411,0.35,0.38,0.442,0.839,0.938,0.896,0.781,0.774,FB1,sta1,suqr1-12.667-0.799,sta1,sto1-0.06893106893106893-0.030969030969030965-0.009990009990009988-0.16683316683316682-0.09390609390609389-0.06193806193806193-0.06793206793206794-0.21078921078921076-0.043956043956043946-0.2447552447552447,1,1,1,1,1,1,1,1,1,1,1,1,1,1,1,1,1,1,1,1,mab
