Name,T,0,1,2,3,4,5,6,7,8,9,Defender,Attacker,Profile,Profile,Profile,Obs0,Obs1,Obs2,Obs3,Obs4,Obs5,Obs6,Obs7,Obs8,Obs9,Feed_prob0,Feed_prob1,Feed_prob2,Feed_prob3,Feed_prob4,Feed_prob5,Feed_prob6,Feed_prob7,Feed_prob8,Feed_prob9,Feed_type
Full_feedback,1000,0.674,0.9,0.863,0.719,0.619,0.72,0.589,0.99,0.618,0.752,FB1,sta1,sto1-0.012012012012012012-0.06306306306306306-0.28528528528528524-0.05905905905905905-0.05705705705705706-0.035035035035035036-0.07707707707707707-0.021021021021021023-0.16516516516516516-0.22522522522522523,sta1,suqr1-13.09-0.288,1,1,1,1,1,1,1,1,1,1,1,1,1,1,1,1,1,1,1,1,full
MAB_feedback,1000,0.674,0.9,0.863,0.719,0.619,0.72,0.589,0.99,0.618,0.752,FB1,sta1,sto1-0.012012012012012012-0.06306306306306306-0.28528528528528524-0.05905905905905905-0.05705705705705706-0.035035035035035036-0.07707707707707707-0.021021021021021023-0.16516516516516516-0.22522522522522523,sta1,suqr1-13.09-0.288,1,1,1,1,1,1,1,1,1,1,1,1,1,1,1,1,1,1,1,1,mab
