Name,T,0,1,2,3,4,5,6,7,8,9,Defender,Attacker,Profile,Profile,Profile,Obs0,Obs1,Obs2,Obs3,Obs4,Obs5,Obs6,Obs7,Obs8,Obs9,Feed_prob0,Feed_prob1,Feed_prob2,Feed_prob3,Feed_prob4,Feed_prob5,Feed_prob6,Feed_prob7,Feed_prob8,Feed_prob9,Feed_type
Full_feedback,1000,0.855,0.978,0.817,0.827,0.716,0.973,0.859,0.907,0.727,0.997,FB1,sta1,sto1-0.28228228228228225-0.07207207207207207-0.03403403403403404-0.18418418418418417-0.1181181181181181-0.04004004004004004-0.004004004004004004-0.022022022022022022-0.011011011011011011-0.23223223223223224,sta1,suqr1-13.424-0.893,1,1,1,1,1,1,1,1,1,1,1,1,1,1,1,1,1,1,1,1,full
MAB_feedback,1000,0.855,0.978,0.817,0.827,0.716,0.973,0.859,0.907,0.727,0.997,FB1,sta1,sto1-0.28228228228228225-0.07207207207207207-0.03403403403403404-0.18418418418418417-0.1181181181181181-0.04004004004004004-0.004004004004004004-0.022022022022022022-0.011011011011011011-0.23223223223223224,sta1,suqr1-13.424-0.893,1,1,1,1,1,1,1,1,1,1,1,1,1,1,1,1,1,1,1,1,mab
