Name,T,0,1,2,3,4,5,6,7,8,9,Defender,Attacker,Profile,Profile,Profile,Obs0,Obs1,Obs2,Obs3,Obs4,Obs5,Obs6,Obs7,Obs8,Obs9,Feed_prob0,Feed_prob1,Feed_prob2,Feed_prob3,Feed_prob4,Feed_prob5,Feed_prob6,Feed_prob7,Feed_prob8,Feed_prob9,Feed_type
Full_feedback,1000,0.731,0.827,0.777,0.726,0.949,0.87,0.997,0.978,0.884,0.723,FB1,sta1,sto1-0.1751751751751752-0.02502502502502503-0.08608608608608609-0.05205205205205206-0.006006006006006007-0.018018018018018018-0.15015015015015015-0.013013013013013015-0.03403403403403404-0.4404404404404405,sta1,suqr1-11.884-0.023,1,1,1,1,1,1,1,1,1,1,1,1,1,1,1,1,1,1,1,1,full
MAB_feedback,1000,0.731,0.827,0.777,0.726,0.949,0.87,0.997,0.978,0.884,0.723,FB1,sta1,sto1-0.1751751751751752-0.02502502502502503-0.08608608608608609-0.05205205205205206-0.006006006006006007-0.018018018018018018-0.15015015015015015-0.013013013013013015-0.03403403403403404-0.4404404404404405,sta1,suqr1-11.884-0.023,1,1,1,1,1,1,1,1,1,1,1,1,1,1,1,1,1,1,1,1,mab
