Name,T,0,1,2,3,4,5,6,7,8,9,Defender,Attacker,Profile,Profile,Profile,Obs0,Obs1,Obs2,Obs3,Obs4,Obs5,Obs6,Obs7,Obs8,Obs9,Feed_prob0,Feed_prob1,Feed_prob2,Feed_prob3,Feed_prob4,Feed_prob5,Feed_prob6,Feed_prob7,Feed_prob8,Feed_prob9,Feed_type
Full_feedback,1000,0.912,0.987,0.698,0.955,0.658,0.92,0.992,0.935,0.947,0.887,FB1,sta1,suqr1-12.95-0.448,sto1-0.001998001998001998-0.13386613386613386-0.06593406593406594-0.10489510489510488-0.02897102897102897-0.049950049950049945-0.1778221778221778-0.005994005994005993-0.33366633366633364-0.0969030969030969,sta1,1,1,1,1,1,1,1,1,1,1,1,1,1,1,1,1,1,1,1,1,full
MAB_feedback,1000,0.912,0.987,0.698,0.955,0.658,0.92,0.992,0.935,0.947,0.887,FB1,sta1,suqr1-12.95-0.448,sto1-0.001998001998001998-0.13386613386613386-0.06593406593406594-0.10489510489510488-0.02897102897102897-0.049950049950049945-0.1778221778221778-0.005994005994005993-0.33366633366633364-0.0969030969030969,sta1,1,1,1,1,1,1,1,1,1,1,1,1,1,1,1,1,1,1,1,1,mab
