,exp_loss,actual_regret,exp_regret
0,0.7065995552932188,0.05646263980701405,0.0010621951002328656
1,0.891161498181574,0.29292527961402814,0.18668633308882088
2,0.7064001354780015,0.5293879194210422,0.18754910837383643
3,0.7064001354780015,0.7168505592280563,0.18841188365885198
