Name,T,0,1,2,3,4,5,Defender,Attacker,Profile,Profile,Profile,Profile,Profile,Profile,Profile,Profile,Profile,Profile,Profile,Profile,Profile,Profile,Profile,Profile,Profile,Profile,Profile,Profile,Profile
DMD1_vs_sto1-0.044-0.046-0.063-0.204-0.159-0.484,100,0.902,0.979,0.848,0.976,0.956,0.912,DMD1,sto1-0.044-0.046-0.063-0.204-0.159-0.484,sto1-0.347-0.029-0.277-0.04-0.03-0.277,sto1-0.1781781781781782-0.3633633633633634-0.0930930930930931-0.04504504504504505-0.08808808808808809-0.23223223223223227,sto1-0.4645354645354645-0.042957042957042946-0.049950049950049945-0.043956043956043946-0.10889110889110888-0.28971028971028967,sto1-0.044-0.046-0.063-0.204-0.159-0.484,sto1-0.5785785785785785-0.04804804804804804-0.02402402402402402-0.016016016016016016-0.038038038038038034-0.29529529529529525,sta1,sto1-0.141-0.006-0.137-0.096-0.246-0.374,sto1-0.2152152152152152-0.3973973973973974-0.02102102102102102-0.018018018018018014-0.15915915915915915-0.18918918918918917,sto1-0.06-0.304-0.044-0.454-0.136-0.002,sto1-0.281-0.096-0.134-0.295-0.108-0.086,sto1-0.038-0.683-0.074-0.045-0.131-0.029,sto1-0.06693306693306694-0.12687312687312688-0.2667332667332668-0.04695304695304696-0.2577422577422578-0.23476523476523478,sto1-0.04304304304304304-0.050050050050050046-0.27727727727727725-0.06806806806806806-0.3643643643643643-0.1971971971971972,sto1-0.221-0.062-0.137-0.3-0.026-0.254,sto1-0.037-0.016-0.234-0.052-0.06-0.601,sto1-0.073-0.032-0.459-0.089-0.281-0.066,sto1-0.050050050050050046-0.02302302302302302-0.3973973973973974-0.22922922922922923-0.11711711711711711-0.18318318318318316,sto1-0.242-0.182-0.053-0.133-0.192-0.198,sto1-0.018-0.358-0.066-0.437-0.089-0.032,sto1-0.078-0.43-0.038-0.006-0.218-0.23,sto1-0.6796796796796797-0.10910910910910909-0.027027027027027025-0.050050050050050046-0.09709709709709709-0.03703703703703703
