Name,T,0,1,2,3,4,5,Defender,Attacker,Profile,Profile
BD1_vs_busto1-0.04504504504504504-0.4994994994994995-0.08808808808808809-0.13813813813813816-0.22522522522522523-0.004004004004004004,100,0.747,0.713,0.739,0.717,0.819,0.722,BD1,busto1,sta1,busto1-0.04504504504504504-0.4994994994994995-0.08808808808808809-0.13813813813813816-0.22522522522522523-0.004004004004004004
