Name,T,0,1,2,3,4,5,Defender,Attacker,Profile,Profile,Profile,Profile,Profile,Profile,Profile,Profile,Profile,Profile,Profile,Profile,Profile,Profile,Profile,Profile,Profile,Profile,Profile,Profile,Obs0,Obs1,Obs2,Obs3,Obs4,Obs5,Feed_prob0,Feed_prob1,Feed_prob2,Feed_prob3,Feed_prob4,Feed_prob5,Feed_type
FB1_vs_suqr1-8.525-0.077_full,1000,0.96,0.953,0.927,0.931,0.809,0.973,FB1,suqr1-8.525-0.077,sta1,sto1-0.005-0.134-0.475-0.031-0.197-0.158,sto1-0.361-0.044-0.211-0.123-0.19-0.071,sto1-0.1078921078921079-0.01098901098901099-0.06793206793206795-0.04495504495504496-0.7382617382617384-0.029970029970029972,sto1-0.143-0.042-0.474-0.11-0.208-0.023,sto1-0.426-0.045-0.002-0.122-0.042-0.363,suqr1-8.817-0.736,suqr1-8.299-0.559,sto1-0.22-0.242-0.241-0.005-0.238-0.054,sto1-0.19900000000000004-0.41200000000000003-0.08300000000000002-0.10500000000000001-0.11800000000000001-0.08300000000000002,suqr1-9.355-0.003,sto1-0.227-0.122-0.01-0.359-0.082-0.2,sto1-0.0869130869130869-0.2667332667332667-0.0909090909090909-0.03196803196803197-0.4675324675324675-0.05594405594405594,suqr1-6.867-0.947,suqr1-13.89-0.529,suqr1-8.261-0.817,suqr1-6.154-0.606,sto1-0.139-0.48-0.223-0.092-0.054-0.012,suqr1-13.965-0.263,suqr1-5.723-0.646,1,1,1,1,1,1,1,1,1,1,1,1,full
FB1_vs_suqr1-8.525-0.077_mab,1000,0.96,0.953,0.927,0.931,0.809,0.973,FB1,suqr1-8.525-0.077,sta1,sto1-0.005-0.134-0.475-0.031-0.197-0.158,sto1-0.361-0.044-0.211-0.123-0.19-0.071,sto1-0.1078921078921079-0.01098901098901099-0.06793206793206795-0.04495504495504496-0.7382617382617384-0.029970029970029972,sto1-0.143-0.042-0.474-0.11-0.208-0.023,sto1-0.426-0.045-0.002-0.122-0.042-0.363,suqr1-8.817-0.736,suqr1-8.299-0.559,sto1-0.22-0.242-0.241-0.005-0.238-0.054,sto1-0.19900000000000004-0.41200000000000003-0.08300000000000002-0.10500000000000001-0.11800000000000001-0.08300000000000002,suqr1-9.355-0.003,sto1-0.227-0.122-0.01-0.359-0.082-0.2,sto1-0.0869130869130869-0.2667332667332667-0.0909090909090909-0.03196803196803197-0.4675324675324675-0.05594405594405594,suqr1-6.867-0.947,suqr1-13.89-0.529,suqr1-8.261-0.817,suqr1-6.154-0.606,sto1-0.139-0.48-0.223-0.092-0.054-0.012,suqr1-13.965-0.263,suqr1-5.723-0.646,1,1,1,1,1,1,1,1,1,1,1,1,mab
