Name,T,0,1,2,3,4,5,Defender,Attacker,Profile,Profile,Profile,Profile,Profile,Profile,Profile,Profile,Profile,Profile,Profile,Profile,Profile,Profile,Profile,Profile,Profile,Profile,Profile,Profile,Profile,Profile,Obs0,Obs1,Obs2,Obs3,Obs4,Obs5,Feed_prob0,Feed_prob1,Feed_prob2,Feed_prob3,Feed_prob4,Feed_prob5,Feed_type
FB1_vs_sto1-0.1-0.008-0.187-0.431-0.136-0.138_full,1000,0.99,0.762,0.765,0.882,0.882,0.708,FB1,sto1-0.1-0.008-0.187-0.431-0.136-0.138,sto1-0.041-0.539-0.329-0.001-0.034-0.056,sto1-0.15284715284715286-0.2967032967032967-0.3516483516483517-0.02197802197802198-0.14885114885114886-0.027972027972027975,sto1-0.31800000000000006-0.29100000000000004-0.008000000000000002-0.08400000000000002-0.07900000000000001-0.22000000000000003,suqr1-6.041-0.701,sto1-0.012-0.599-0.119-0.094-0.045-0.131,suqr1-6.16-0.016,suqr1-11.33-0.539,suqr1-13.711-0.052,suqr1-7.689-0.356,sta1,suqr1-9.368-0.174,suqr1-9.236-0.13,suqr1-14.15-0.423,sto1-0.002-0.072-0.006-0.088-0.336-0.496,sto1-0.6586586586586586-0.005005005005005005-0.04904904904904905-0.07007007007007007-0.17517517517517514-0.04204204204204204,sto1-0.688-0.044-0.043-0.149-0.06-0.016,sto1-0.153-0.164-0.22-0.215-0.211-0.037,sto1-0.556-0.032-0.001-0.208-0.025-0.178,suqr1-14.216-0.018,sto1-0.1-0.008-0.187-0.431-0.136-0.138,sto1-0.0969030969030969-0.4595404595404595-0.11488511488511488-0.1008991008991009-0.13186813186813187-0.09590409590409589,suqr1-8.643-0.356,1,1,1,1,1,1,1,1,1,1,1,1,full