Name,T,0,1,2,3,4,5,Defender,Attacker,Profile,Profile,Profile,Profile,Profile,Profile,Profile,Profile,Profile,Profile,Profile,Profile,Profile,Profile,Profile,Profile,Profile,Profile,Profile,Profile,Obs0,Obs1,Obs2,Obs3,Obs4,Obs5,Feed_prob0,Feed_prob1,Feed_prob2,Feed_prob3,Feed_prob4,Feed_prob5,Feed_type
PMF1_vs_sto1-0.571-0.003-0.018-0.116-0.185-0.107,1000,0.645,0.774,0.806,0.962,0.69,0.826,PMF1,sto1-0.571-0.003-0.018-0.116-0.185-0.107,sto1-0.10710710710710711-0.1901901901901902-0.1891891891891892-0.004004004004004004-0.021021021021021023-0.48848848848848847,sto1-0.213-0.027-0.014-0.13-0.526-0.09,sto1-0.066-0.011-0.183-0.492-0.028-0.22,sto1-0.28571428571428564-0.0909090909090909-0.26573426573426573-0.03896103896103895-0.31468531468531463-0.003996003996003996,sto1-0.018981018981018984-0.1318681318681319-0.14585414585414586-0.4115884115884116-0.2097902097902098-0.08191808191808193,sto1-0.13713713713713716-0.3053053053053053-0.15415415415415418-0.11911911911911913-0.06206206206206207-0.22222222222222224,sto1-0.34634634634634626-0.13513513513513514-0.03203203203203203-0.1111111111111111-0.04404404404404404-0.3313313313313313,sto1-0.216-0.006-0.175-0.057-0.084-0.462,sto1-0.571-0.003-0.018-0.116-0.185-0.107,sto1-0.08408408408408409-0.29429429429429427-0.021021021021021023-0.3443443443443443-0.12912912912912913-0.12712712712712712,sto1-0.028028028028028024-0.26226226226226224-0.01101101101101101-0.028028028028028024-0.3553553553553553-0.31531531531531526,sto1-0.08008008008008008-0.06106106106106106-0.04304304304304304-0.23123123123123124-0.4804804804804805-0.1041041041041041,sto1-0.025-0.158-0.324-0.338-0.055-0.1,sto1-0.008-0.065-0.177-0.416-0.292-0.042,sto1-0.266-0.001-0.016-0.06-0.526-0.131,sto1-0.115-0.111-0.48-0.162-0.017-0.115,sto1-0.28671328671328666-0.29870129870129863-0.007992007992007992-0.03896103896103895-0.06393606393606394-0.3036963036963037,sto1-0.3383383383383384-0.055055055055055056-0.06006006006006006-0.04004004004004004-0.019019019019019017-0.4874874874874875,sto1-0.05894105894105893-0.13086913086913085-0.13286713286713286-0.25274725274725274-0.2727272727272727-0.15184815184815184,sto1-0.03303303303303303-0.09109109109109108-0.09609609609609608-0.15715715715715714-0.28228228228228225-0.34034034034034033,1,1,1,1,1,1,1,1,1,1,1,1,mab
