Name,T,0,1,2,3,4,Defender,Attacker,Profile,Profile,Profile,Obs0,Obs1,Obs2,Obs3,Obs4,Feed_prob0,Feed_prob1,Feed_prob2,Feed_prob3,Feed_prob4,Feed_type
Full_feedback,1000,0.592,0.613,0.61,0.902,0.841,FB1,suqr1-13.31-0.751,sta1,suqr1-13.31-0.751,sto1-0.017000000000000005-0.14800000000000002-0.47100000000000003-0.3430000000000001-0.021000000000000005,1,1,1,1,1,1,1,1,1,1,full
MAB_feedback,1000,0.592,0.613,0.61,0.902,0.841,FB1,suqr1-13.31-0.751,sta1,suqr1-13.31-0.751,sto1-0.017000000000000005-0.14800000000000002-0.47100000000000003-0.3430000000000001-0.021000000000000005,1,1,1,1,1,1,1,1,1,1,mab
