Name,T,0,1,2,3,4,Defender,Attacker,Profile,Profile,Profile,Obs0,Obs1,Obs2,Obs3,Obs4,Feed_prob0,Feed_prob1,Feed_prob2,Feed_prob3,Feed_prob4,Feed_type
Full_feedback,1000,0.7,0.875,0.8,0.878,0.735,FB1,suqr1-9.688-0.644,sto1-0.16216216216216217-0.4074074074074074-0.3733733733733734-0.005005005005005005-0.05205205205205205,suqr1-9.688-0.644,sta1,1,1,1,1,1,1,1,1,1,1,full
MAB_feedback,1000,0.7,0.875,0.8,0.878,0.735,FB1,suqr1-9.688-0.644,sto1-0.16216216216216217-0.4074074074074074-0.3733733733733734-0.005005005005005005-0.05205205205205205,suqr1-9.688-0.644,sta1,1,1,1,1,1,1,1,1,1,1,mab
