Name,T,0,1,2,3,4,Defender,Attacker,Profile,Profile,Profile,Obs0,Obs1,Obs2,Obs3,Obs4,Feed_prob0,Feed_prob1,Feed_prob2,Feed_prob3,Feed_prob4,Feed_type
Full_feedback,1000,0.961,0.723,0.745,0.788,0.902,FB1,suqr1-11.357-0.452,sto1-0.3806193806193806-0.24975024975024973-0.1768231768231768-0.007992007992007992-0.1848151848151848,sta1,suqr1-11.357-0.452,1,1,1,1,1,1,1,1,1,1,full
MAB_feedback,1000,0.961,0.723,0.745,0.788,0.902,FB1,suqr1-11.357-0.452,sto1-0.3806193806193806-0.24975024975024973-0.1768231768231768-0.007992007992007992-0.1848151848151848,sta1,suqr1-11.357-0.452,1,1,1,1,1,1,1,1,1,1,mab
