Name,T,0,1,2,3,4,Defender,Attacker,Profile,Profile,Profile,Obs0,Obs1,Obs2,Obs3,Obs4,Feed_prob0,Feed_prob1,Feed_prob2,Feed_prob3,Feed_prob4,Feed_type
Full_feedback,1000,0.919,0.837,0.839,0.706,0.786,FB1,suqr1-5.742-0.42,suqr1-5.742-0.42,sta1,sto1-0.0970970970970971-0.24224224224224222-0.47347347347347346-0.13513513513513514-0.05205205205205205,1,1,1,1,1,1,1,1,1,1,full
MAB_feedback,1000,0.919,0.837,0.839,0.706,0.786,FB1,suqr1-5.742-0.42,suqr1-5.742-0.42,sta1,sto1-0.0970970970970971-0.24224224224224222-0.47347347347347346-0.13513513513513514-0.05205205205205205,1,1,1,1,1,1,1,1,1,1,mab
