Name,T,0,1,2,3,4,Defender,Attacker,Profile,Profile,Profile,Obs0,Obs1,Obs2,Obs3,Obs4,Feed_prob0,Feed_prob1,Feed_prob2,Feed_prob3,Feed_prob4,Feed_type
Full_feedback,1000,0.731,0.988,0.97,0.995,0.704,FB1,suqr1-14.43-0.379,suqr1-14.43-0.379,sto1-0.09409409409409408-0.04604604604604604-0.5455455455455456-0.015015015015015013-0.29929929929929927,sta1,1,1,1,1,1,1,1,1,1,1,full
MAB_feedback,1000,0.731,0.988,0.97,0.995,0.704,FB1,suqr1-14.43-0.379,suqr1-14.43-0.379,sto1-0.09409409409409408-0.04604604604604604-0.5455455455455456-0.015015015015015013-0.29929929929929927,sta1,1,1,1,1,1,1,1,1,1,1,mab
