Name,T,0,1,2,3,4,Defender,Attacker,Profile,Profile,Profile,Obs0,Obs1,Obs2,Obs3,Obs4,Feed_prob0,Feed_prob1,Feed_prob2,Feed_prob3,Feed_prob4,Feed_type
Full_feedback,1000,0.931,0.911,0.76,0.893,0.996,FB1,suqr1-14.482-0.249,suqr1-14.482-0.249,sta1,sto1-0.044044044044044044-0.22622622622622623-0.4034034034034034-0.21421421421421422-0.11211211211211211,1,1,1,1,1,1,1,1,1,1,full
MAB_feedback,1000,0.931,0.911,0.76,0.893,0.996,FB1,suqr1-14.482-0.249,suqr1-14.482-0.249,sta1,sto1-0.044044044044044044-0.22622622622622623-0.4034034034034034-0.21421421421421422-0.11211211211211211,1,1,1,1,1,1,1,1,1,1,mab
