Name,T,0,1,2,3,4,5,Defender,Attacker,Profile,Profile,Profile,Profile,Profile,Profile,Profile,Profile,Profile,Profile,Obs0,Obs1,Obs2,Obs3,Obs4,Obs5,Feed_prob0,Feed_prob1,Feed_prob2,Feed_prob3,Feed_prob4,Feed_prob5,Feed_type
PMF1_vs_sto1-0.28728728728728725-0.32432432432432434-0.15015015015015015-0.2122122122122122-0.003003003003003003-0.02302302302302302,1000,0.743,0.956,0.979,0.75,0.685,0.844,FB1,sto1-0.28728728728728725-0.32432432432432434-0.15015015015015015-0.2122122122122122-0.003003003003003003-0.02302302302302302,sto1-0.1638361638361638-0.3766233766233766-0.25574425574425574-0.12387612387612386-0.00899100899100899-0.07092907092907091,sto1-0.001001001001001001-0.1081081081081081-0.08708708708708708-0.5445445445445446-0.0990990990990991-0.16016016016016016,sto1-0.083-0.61-0.002-0.155-0.088-0.062,sto1-0.6156156156156156-0.11511511511511512-0.009009009009009009-0.03903903903903904-0.0950950950950951-0.12612612612612611,sto1-0.218-0.244-0.262-0.199-0.013-0.064,sto1-0.28728728728728725-0.32432432432432434-0.15015015015015015-0.2122122122122122-0.003003003003003003-0.02302302302302302,sto1-0.202-0.005-0.15-0.195-0.188-0.26,sto1-0.0-0.505-0.06-0.086-0.029-0.32,sto1-0.033-0.013-0.512-0.182-0.177-0.083,sto1-0.06406406406406406-0.15315315315315314-0.1091091091091091-0.17817817817817816-0.40440440440440445-0.09109109109109109,1,1,1,1,1,1,1,1,1,1,1,1,mab
