,exp_loss,actual_regret,exp_regret
0,0.787736994939171,-0.727587957152227,0.060149037786944026
1,0.9420000000000001,-0.513175914304454,0.27456108063471707
2,0.727587957152227,-0.478763871456681,0.27456108063471707
3,0.727587957152227,-0.444351828608908,0.27456108063471707
