Name,T,0,1,2,3,4,5,Defender,Attacker,Profile,Profile,Profile,Profile,Profile,Profile,Profile,Profile,Profile,Profile,Profile,Profile,Profile,Profile,Profile,Profile,Profile,Profile,Profile,Profile,Profile
DMD1_vs_suqr1-13.642-0.54,100,0.772,0.914,0.94,0.758,0.728,0.858,DMD1,suqr1-13.642-0.54,sto1-0.27127127127127126-0.3383383383383384-0.13613613613613615-0.13013013013013014-0.04804804804804805-0.07607607607607607,sto1-0.451-0.212-0.068-0.112-0.01-0.147,sta1,suqr1-12.022-0.164,sto1-0.252-0.541-0.016-0.072-0.088-0.031,sto1-0.287-0.102-0.014-0.258-0.091-0.248,sto1-0.078-0.123-0.132-0.05-0.436-0.181,suqr1-9.499-0.874,sto1-0.002002002002002002-0.028028028028028024-0.10010010010010009-0.07307307307307306-0.38538538538538536-0.41141141141141135,sto1-0.191-0.048-0.197-0.197-0.273-0.094,sto1-0.07107107107107107-0.09009009009009009-0.13613613613613615-0.29429429429429427-0.17117117117117117-0.23723723723723722,suqr1-8.299-0.073,sto1-0.024024024024024024-0.12812812812812813-0.4724724724724724-0.13013013013013014-0.2172172172172172-0.028028028028028028,suqr1-13.642-0.54,suqr1-8.918-0.982,suqr1-12.686-0.222,suqr1-7.565-0.457,suqr1-10.585-0.262,suqr1-12.485-0.815,suqr1-7.811-0.677,sto1-0.07607607607607607-0.47147147147147145-0.04704704704704705-0.14414414414414414-0.1871871871871872-0.07407407407407407
