Name,T,0,1,2,3,4,Defender,Attacker,Profile,Profile,Profile,Profile,Profile,Profile,Profile,Profile,Profile,Profile,Profile,Obs0,Obs1,Obs2,Obs3,Obs4,Feed_prob0,Feed_prob1,Feed_prob2,Feed_prob3,Feed_prob4,Feed_type
Full_feedback,1000,0.883,0.78,0.917,0.98,0.957,FB1,sta1,sto1-0.08608608608608607-0.19119119119119118-0.22922922922922923-0.08908908908908908-0.40440440440440445,suqr1-13.342-0.148,suqr1-8.913-0.829,suqr1-11.574-0.337,sto1-0.03403403403403403-0.06606606606606606-0.04304304304304304-0.31031031031031026-0.5465465465465466,sta1,suqr1-14.979-0.838,sto1-0.2112112112112112-0.2362362362362362-0.027027027027027025-0.36036036036036034-0.16516516516516516,suqr1-14.95-0.341,sto1-0.4854854854854855-0.24324324324324323-0.11511511511511512-0.022022022022022022-0.13413413413413414,sto1-0.204-0.037-0.127-0.004-0.628,1,1,1,1,1,1,1,1,1,1,full
MAB_feedback,1000,0.883,0.78,0.917,0.98,0.957,FB1,sta1,sto1-0.08608608608608607-0.19119119119119118-0.22922922922922923-0.08908908908908908-0.40440440440440445,suqr1-13.342-0.148,suqr1-8.913-0.829,suqr1-11.574-0.337,sto1-0.03403403403403403-0.06606606606606606-0.04304304304304304-0.31031031031031026-0.5465465465465466,sta1,suqr1-14.979-0.838,sto1-0.2112112112112112-0.2362362362362362-0.027027027027027025-0.36036036036036034-0.16516516516516516,suqr1-14.95-0.341,sto1-0.4854854854854855-0.24324324324324323-0.11511511511511512-0.022022022022022022-0.13413413413413414,sto1-0.204-0.037-0.127-0.004-0.628,1,1,1,1,1,1,1,1,1,1,mab
