Name,T,0,1,2,3,4,Defender,Attacker,Profile,Profile,Profile,Profile,Profile,Profile,Profile,Profile,Profile,Profile,Profile,Obs0,Obs1,Obs2,Obs3,Obs4,Feed_prob0,Feed_prob1,Feed_prob2,Feed_prob3,Feed_prob4,Feed_type
Full_feedback,1000,0.989,0.758,0.696,0.971,0.778,FB1,sta1,suqr1-12.33-0.195,sto1-0.273-0.03-0.352-0.203-0.142,sto1-0.003992015968063872-0.27445109780439125-0.07984031936127745-0.48303393213572854-0.15868263473053892,suqr1-11.45-0.283,sto1-0.132-0.317-0.085-0.288-0.178,suqr1-8.749-0.322,suqr1-8.87-0.12,sto1-0.367-0.097-0.1-0.099-0.337,sto1-0.639-0.059-0.173-0.034-0.095,sta1,suqr1-5.111-0.871,1,1,1,1,1,1,1,1,1,1,full
MAB_feedback,1000,0.989,0.758,0.696,0.971,0.778,FB1,sta1,suqr1-12.33-0.195,sto1-0.273-0.03-0.352-0.203-0.142,sto1-0.003992015968063872-0.27445109780439125-0.07984031936127745-0.48303393213572854-0.15868263473053892,suqr1-11.45-0.283,sto1-0.132-0.317-0.085-0.288-0.178,suqr1-8.749-0.322,suqr1-8.87-0.12,sto1-0.367-0.097-0.1-0.099-0.337,sto1-0.639-0.059-0.173-0.034-0.095,sta1,suqr1-5.111-0.871,1,1,1,1,1,1,1,1,1,1,mab
