Name,T,0,1,2,3,4,Defender,Attacker,Profile,Profile,Profile,Profile,Profile,Profile,Profile,Profile,Profile,Profile,Profile,Obs0,Obs1,Obs2,Obs3,Obs4,Feed_prob0,Feed_prob1,Feed_prob2,Feed_prob3,Feed_prob4,Feed_type
Full_feedback,1000,0.616,0.736,0.605,0.8,0.743,FB1,sta1,sto1-0.24-0.485-0.044-0.076-0.155,sto1-0.133-0.63-0.182-0.037-0.018,suqr1-5.77-0.157,sto1-0.47800000000000004-0.18000000000000002-0.12700000000000003-0.12200000000000001-0.09300000000000001,sta1,suqr1-6.569-0.307,suqr1-10.268-0.785,sto1-0.073-0.05-0.535-0.263-0.079,suqr1-7.758-0.891,sto1-0.6636636636636636-0.053053053053053044-0.002002002002002002-0.1111111111111111-0.17017017017017017,suqr1-14.495-0.507,1,1,1,1,1,1,1,1,1,1,full
MAB_feedback,1000,0.616,0.736,0.605,0.8,0.743,FB1,sta1,sto1-0.24-0.485-0.044-0.076-0.155,sto1-0.133-0.63-0.182-0.037-0.018,suqr1-5.77-0.157,sto1-0.47800000000000004-0.18000000000000002-0.12700000000000003-0.12200000000000001-0.09300000000000001,sta1,suqr1-6.569-0.307,suqr1-10.268-0.785,sto1-0.073-0.05-0.535-0.263-0.079,suqr1-7.758-0.891,sto1-0.6636636636636636-0.053053053053053044-0.002002002002002002-0.1111111111111111-0.17017017017017017,suqr1-14.495-0.507,1,1,1,1,1,1,1,1,1,1,mab
