Name,T,0,1,2,3,4,Defender,Attacker,Profile,Profile,Profile,Profile,Profile,Profile,Profile,Profile,Profile,Profile,Profile,Obs0,Obs1,Obs2,Obs3,Obs4,Feed_prob0,Feed_prob1,Feed_prob2,Feed_prob3,Feed_prob4,Feed_type
Full_feedback,1000,0.848,0.745,0.554,0.739,0.545,FB1,sta1,sta1,sto1-0.216-0.245-0.019-0.108-0.412,sto1-0.03896103896103897-0.6043956043956045-0.2417582417582418-0.1078921078921079-0.006993006993006994,suqr1-11.128-0.697,suqr1-12.683-0.77,suqr1-12.264-0.216,sto1-0.28200000000000003-0.3420000000000001-0.29200000000000004-0.059000000000000004-0.025000000000000005,sto1-0.599-0.027-0.033-0.202-0.139,sto1-0.035-0.245-0.15-0.068-0.502,suqr1-12.575-0.412,suqr1-11.683-0.697,1,1,1,1,1,1,1,1,1,1,full
MAB_feedback,1000,0.848,0.745,0.554,0.739,0.545,FB1,sta1,sta1,sto1-0.216-0.245-0.019-0.108-0.412,sto1-0.03896103896103897-0.6043956043956045-0.2417582417582418-0.1078921078921079-0.006993006993006994,suqr1-11.128-0.697,suqr1-12.683-0.77,suqr1-12.264-0.216,sto1-0.28200000000000003-0.3420000000000001-0.29200000000000004-0.059000000000000004-0.025000000000000005,sto1-0.599-0.027-0.033-0.202-0.139,sto1-0.035-0.245-0.15-0.068-0.502,suqr1-12.575-0.412,suqr1-11.683-0.697,1,1,1,1,1,1,1,1,1,1,mab
