Name,T,0,1,2,3,4,Defender,Attacker,Profile,Profile,Profile,Profile,Profile,Profile,Profile,Profile,Profile,Profile,Profile,Obs0,Obs1,Obs2,Obs3,Obs4,Feed_prob0,Feed_prob1,Feed_prob2,Feed_prob3,Feed_prob4,Feed_type
Full_feedback,1000,0.965,0.892,0.977,0.871,0.954,FB1,sta1,sto1-0.375-0.168-0.178-0.243-0.036,sto1-0.141-0.334-0.398-0.002-0.125,sto1-0.034-0.465-0.022-0.093-0.386,sto1-0.06093906093906093-0.14185814185814183-0.4535464535464535-0.05594405594405594-0.2877122877122877,suqr1-6.087-0.67,sto1-0.339-0.043-0.359-0.116-0.143,suqr1-14.043-0.119,sta1,suqr1-14.242-0.406,suqr1-10.106-0.284,suqr1-13.21-0.716,1,1,1,1,1,1,1,1,1,1,full
MAB_feedback,1000,0.965,0.892,0.977,0.871,0.954,FB1,sta1,sto1-0.375-0.168-0.178-0.243-0.036,sto1-0.141-0.334-0.398-0.002-0.125,sto1-0.034-0.465-0.022-0.093-0.386,sto1-0.06093906093906093-0.14185814185814183-0.4535464535464535-0.05594405594405594-0.2877122877122877,suqr1-6.087-0.67,sto1-0.339-0.043-0.359-0.116-0.143,suqr1-14.043-0.119,sta1,suqr1-14.242-0.406,suqr1-10.106-0.284,suqr1-13.21-0.716,1,1,1,1,1,1,1,1,1,1,mab
