Name,T,0,1,2,3,4,Defender,Attacker,Profile,Profile,Profile,Profile,Profile,Profile,Profile,Profile,Profile,Profile,Profile,Obs0,Obs1,Obs2,Obs3,Obs4,Feed_prob0,Feed_prob1,Feed_prob2,Feed_prob3,Feed_prob4,Feed_type
Full_feedback,1000,0.989,0.928,0.737,0.683,0.865,FB1,sta1,suqr1-7.141-0.238,sto1-0.028-0.082-0.116-0.618-0.156,sto1-0.354-0.319-0.094-0.137-0.096,sto1-0.054-0.199-0.094-0.151-0.502,suqr1-11.282-0.652,sto1-0.16-0.46-0.182-0.049-0.149,sto1-0.2532532532532532-0.1291291291291291-0.030030030030030026-0.17417417417417413-0.41341341341341337,sta1,suqr1-14.012-0.395,suqr1-8.92-0.722,suqr1-14.851-0.489,1,1,1,1,1,1,1,1,1,1,full
MAB_feedback,1000,0.989,0.928,0.737,0.683,0.865,FB1,sta1,suqr1-7.141-0.238,sto1-0.028-0.082-0.116-0.618-0.156,sto1-0.354-0.319-0.094-0.137-0.096,sto1-0.054-0.199-0.094-0.151-0.502,suqr1-11.282-0.652,sto1-0.16-0.46-0.182-0.049-0.149,sto1-0.2532532532532532-0.1291291291291291-0.030030030030030026-0.17417417417417413-0.41341341341341337,sta1,suqr1-14.012-0.395,suqr1-8.92-0.722,suqr1-14.851-0.489,1,1,1,1,1,1,1,1,1,1,mab
