Name,T,0,1,2,3,4,Defender,Attacker,Profile,Profile,Profile,Profile,Profile,Profile,Profile,Profile,Profile,Profile,Profile,Obs0,Obs1,Obs2,Obs3,Obs4,Feed_prob0,Feed_prob1,Feed_prob2,Feed_prob3,Feed_prob4,Feed_type
Full_feedback,1000,0.952,0.935,0.987,0.824,0.832,FB1,sta1,sto1-0.07-0.39-0.322-0.093-0.125,suqr1-6.511-0.706,suqr1-6.565-0.604,suqr1-12.846-0.356,sto1-0.083-0.033-0.197-0.034-0.653,sto1-0.1258741258741259-0.3426573426573427-0.25074925074925075-0.04395604395604396-0.23676323676323677,sto1-0.309-0.464-0.002-0.029-0.196,suqr1-10.811-0.731,sto1-0.005005005005005005-0.3173173173173173-0.4274274274274274-0.16416416416416418-0.08608608608608607,sta1,suqr1-7.959-0.633,1,1,1,1,1,1,1,1,1,1,full
MAB_feedback,1000,0.952,0.935,0.987,0.824,0.832,FB1,sta1,sto1-0.07-0.39-0.322-0.093-0.125,suqr1-6.511-0.706,suqr1-6.565-0.604,suqr1-12.846-0.356,sto1-0.083-0.033-0.197-0.034-0.653,sto1-0.1258741258741259-0.3426573426573427-0.25074925074925075-0.04395604395604396-0.23676323676323677,sto1-0.309-0.464-0.002-0.029-0.196,suqr1-10.811-0.731,sto1-0.005005005005005005-0.3173173173173173-0.4274274274274274-0.16416416416416418-0.08608608608608607,sta1,suqr1-7.959-0.633,1,1,1,1,1,1,1,1,1,1,mab
