Name,T,0,1,2,3,4,Defender,Attacker,Profile,Profile,Profile,Profile,Profile,Profile,Profile,Profile,Profile,Profile,Profile,Obs0,Obs1,Obs2,Obs3,Obs4,Feed_prob0,Feed_prob1,Feed_prob2,Feed_prob3,Feed_prob4,Feed_type
Full_feedback,1000,0.962,0.762,0.744,0.806,0.872,FB1,sta1,sto1-0.3016983016983017-0.26173826173826176-0.19580419580419584-0.07192807192807193-0.16883116883116886,suqr1-8.451-0.626,sto1-0.4514514514514515-0.04804804804804805-0.3743743743743744-0.07107107107107107-0.055055055055055056,suqr1-12.351-0.641,suqr1-7.11-0.603,sto1-0.5455455455455456-0.14814814814814814-0.06506506506506507-0.1181181181181181-0.12312312312312312,sta1,suqr1-9.631-0.334,sto1-0.2857142857142857-0.22977022977022982-0.25374625374625376-0.09190809190809192-0.13886113886113888,suqr1-9.879-0.238,sto1-0.29200000000000004-0.17600000000000002-0.19400000000000003-0.20700000000000002-0.13100000000000003,1,1,1,1,1,1,1,1,1,1,full
MAB_feedback,1000,0.962,0.762,0.744,0.806,0.872,FB1,sta1,sto1-0.3016983016983017-0.26173826173826176-0.19580419580419584-0.07192807192807193-0.16883116883116886,suqr1-8.451-0.626,sto1-0.4514514514514515-0.04804804804804805-0.3743743743743744-0.07107107107107107-0.055055055055055056,suqr1-12.351-0.641,suqr1-7.11-0.603,sto1-0.5455455455455456-0.14814814814814814-0.06506506506506507-0.1181181181181181-0.12312312312312312,sta1,suqr1-9.631-0.334,sto1-0.2857142857142857-0.22977022977022982-0.25374625374625376-0.09190809190809192-0.13886113886113888,suqr1-9.879-0.238,sto1-0.29200000000000004-0.17600000000000002-0.19400000000000003-0.20700000000000002-0.13100000000000003,1,1,1,1,1,1,1,1,1,1,mab
