Name,T,0,1,2,3,4,Defender,Attacker,Profile,Profile,Profile,Profile,Profile,Profile,Profile,Profile,Profile,Profile,Profile,Obs0,Obs1,Obs2,Obs3,Obs4,Feed_prob0,Feed_prob1,Feed_prob2,Feed_prob3,Feed_prob4,Feed_type
Full_feedback,1000,0.807,0.918,0.643,0.636,0.706,FB1,sta1,suqr1-14.723-0.168,suqr1-7.407-0.84,sta1,sto1-0.395-0.064-0.327-0.077-0.137,sto1-0.207-0.24-0.222-0.171-0.16,suqr1-12.037-0.774,suqr1-7.362-0.017,sto1-0.6543456543456544-0.007992007992007994-0.1048951048951049-0.1038961038961039-0.1288711288711289,sto1-0.37-0.212-0.16-0.074-0.184,sto1-0.016-0.431-0.152-0.105-0.296,suqr1-8.276-0.168,1,1,1,1,1,1,1,1,1,1,full
MAB_feedback,1000,0.807,0.918,0.643,0.636,0.706,FB1,sta1,suqr1-14.723-0.168,suqr1-7.407-0.84,sta1,sto1-0.395-0.064-0.327-0.077-0.137,sto1-0.207-0.24-0.222-0.171-0.16,suqr1-12.037-0.774,suqr1-7.362-0.017,sto1-0.6543456543456544-0.007992007992007994-0.1048951048951049-0.1038961038961039-0.1288711288711289,sto1-0.37-0.212-0.16-0.074-0.184,sto1-0.016-0.431-0.152-0.105-0.296,suqr1-8.276-0.168,1,1,1,1,1,1,1,1,1,1,mab
