Name,T,0,1,2,3,4,5,Defender,Attacker,Profile,Profile,Profile,Profile,Profile,Profile,Profile,Profile,Profile,Profile,Profile,Profile,Profile,Profile,Profile,Profile,Profile,Profile,Profile,Profile,Obs0,Obs1,Obs2,Obs3,Obs4,Obs5,Feed_prob0,Feed_prob1,Feed_prob2,Feed_prob3,Feed_prob4,Feed_prob5,Feed_type
BA1_vs_sto1-0.1898101898101898-0.05894105894105893-0.13486513486513485-0.045954045954045945-0.33966033966033965-0.23076923076923075,1000,0.809,0.842,0.933,0.875,0.986,0.876,BA1,sto1-0.1898101898101898-0.05894105894105893-0.13486513486513485-0.045954045954045945-0.33966033966033965-0.23076923076923075,sto1-0.1018981018981019-0.15084915084915085-0.17882117882117884-0.25974025974025977-0.18481518481518483-0.12387612387612389,sto1-0.020020020020020023-0.19619619619619622-0.4914914914914915-0.18718718718718722-0.06506506506506507-0.04004004004004005,sto1-0.15-0.116-0.139-0.433-0.014-0.148,sto1-0.33-0.285-0.27-0.039-0.034-0.042,sto1-0.046-0.398-0.024-0.334-0.056-0.142,sto1-0.2672672672672673-0.2122122122122122-0.07907907907907907-0.12212212212212212-0.06606606606606608-0.25325325325325326,sto1-0.07-0.06-0.152-0.497-0.111-0.11,sto1-0.6963036963036964-0.15984015984015987-0.02297702297702298-0.07392607392607393-0.03796203796203797-0.008991008991008992,sto1-0.452-0.159-0.005-0.003-0.251-0.13,sto1-0.377-0.118-0.054-0.153-0.297-0.001,sto1-0.177-0.316-0.198-0.099-0.104-0.106,sto1-0.237-0.001-0.174-0.054-0.249-0.285,sto1-0.231-0.125-0.164-0.055-0.066-0.359,sto1-0.1691691691691692-0.20520520520520522-0.036036036036036036-0.38138138138138145-0.11011011011011013-0.09809809809809811,sto1-0.188-0.114-0.189-0.246-0.235-0.028,sto1-0.02-0.171-0.292-0.187-0.151-0.179,sto1-0.006993006993006994-0.1228771228771229-0.1098901098901099-0.6083916083916084-0.025974025974025976-0.1258741258741259,sto1-0.1898101898101898-0.05894105894105893-0.13486513486513485-0.045954045954045945-0.33966033966033965-0.23076923076923075,sto1-0.27672327672327673-0.10789210789210787-0.35964035964035956-0.2017982017982018-0.043956043956043946-0.009990009990009988,sto1-0.4744744744744745-0.0890890890890891-0.11011011011011013-0.1811811811811812-0.13913913913913917-0.006006006006006007,1,1,1,1,1,1,1,1,1,1,1,1,mab
