Name,T,0,1,2,3,4,5,Defender,Attacker,Profile,Profile,Profile,Profile,Profile,Profile,Profile,Profile,Profile,Profile,Profile,Profile,Profile,Profile,Profile,Profile,Profile,Profile,Profile,Profile,Obs0,Obs1,Obs2,Obs3,Obs4,Obs5,Feed_prob0,Feed_prob1,Feed_prob2,Feed_prob3,Feed_prob4,Feed_prob5,Feed_type
BA1_vs_sto1-0.042-0.196-0.596-0.041-0.092-0.033,1000,0.966,0.87,0.756,0.76,0.956,0.763,BA1,sto1-0.042-0.196-0.596-0.041-0.092-0.033,sto1-0.027-0.357-0.112-0.195-0.112-0.197,sto1-0.15284715284715286-0.4095904095904096-0.1398601398601399-0.06593406593406595-0.03696303696303697-0.19480519480519484,sto1-0.135-0.103-0.033-0.614-0.058-0.057,sto1-0.18981018981018982-0.18281718281718284-0.006993006993006994-0.3076923076923077-0.2897102897102897-0.02297702297702298,sto1-0.36536536536536535-0.012012012012012012-0.11911911911911911-0.13013013013013014-0.34734734734734735-0.026026026026026026,sto1-0.056-0.029-0.117-0.129-0.398-0.271,sto1-0.14914914914914912-0.26726726726726724-0.02302302302302302-0.4744744744744744-0.02002002002002002-0.06606606606606606,sto1-0.022022022022022022-0.39739739739739743-0.056056056056056056-0.04704704704704705-0.1981981981981982-0.2792792792792793,sto1-0.02697302697302697-0.21478521478521476-0.23976023976023972-0.043956043956043946-0.2697302697302697-0.20479520479520477,sto1-0.025025025025025023-0.3093093093093093-0.07407407407407406-0.06506506506506506-0.38338338338338335-0.1431431431431431,sto1-0.042-0.196-0.596-0.041-0.092-0.033,sto1-0.141-0.206-0.384-0.133-0.036-0.1,sto1-0.03-0.044-0.253-0.204-0.135-0.334,sto1-0.04104104104104103-0.14014014014014012-0.5375375375375374-0.05805805805805805-0.18418418418418414-0.039039039039039033,sto1-0.293-0.351-0.058-0.101-0.136-0.061,sto1-0.151-0.104-0.001-0.388-0.255-0.101,sto1-0.029029029029029027-0.4354354354354354-0.001001001001001001-0.28828828828828823-0.06906906906906907-0.17717717717717715,sto1-0.028-0.17-0.04-0.033-0.639-0.09,sto1-0.21-0.158-0.021-0.175-0.398-0.038,sto1-0.391-0.244-0.088-0.05-0.071-0.156,1,1,1,1,1,1,1,1,1,1,1,1,mab
