Name,T,0,1,2,3,4,5,Defender,Attacker,Profile,Profile,Profile,Profile,Profile,Profile,Profile,Profile,Profile,Profile,Profile,Profile,Profile,Profile,Profile,Profile,Profile,Profile,Profile,Profile,Profile,Obs0,Obs1,Obs2,Obs3,Obs4,Obs5,Feed_prob0,Feed_prob1,Feed_prob2,Feed_prob3,Feed_prob4,Feed_prob5,Feed_type
BA1_vs_sta1,1000,0.709,0.811,0.715,0.806,0.873,0.749,BA1,sta1,sto1-0.06999999999999999-0.20299999999999996-0.27899999999999997-0.06999999999999999-0.29599999999999993-0.08199999999999999,sto1-0.15484515484515482-0.03196803196803197-0.24775224775224772-0.38861138861138855-0.15284715284715283-0.023976023976023973,sto1-0.08808808808808809-0.23523523523523523-0.19819819819819823-0.07507507507507508-0.044044044044044044-0.35935935935935936,sto1-0.13686313686313686-0.21678321678321677-0.19180819180819178-0.16483516483516483-0.02897102897102897-0.26073926073926074,sto1-0.13-0.194-0.068-0.217-0.244-0.147,sto1-0.17117117117117117-0.014014014014014014-0.2112112112112112-0.13713713713713716-0.23423423423423426-0.23223223223223224,sto1-0.0030000000000000005-0.060000000000000005-0.5000000000000001-0.07400000000000001-0.21200000000000002-0.15100000000000002,sto1-0.076-0.121-0.127-0.222-0.353-0.101,sto1-0.241-0.046-0.178-0.247-0.055-0.233,sto1-0.112-0.019-0.509-0.128-0.005-0.227,sto1-0.264-0.0-0.08-0.198-0.115-0.343,sto1-0.075-0.009-0.054-0.428-0.1-0.334,sto1-0.11100000000000002-0.35200000000000004-0.19900000000000004-0.010000000000000002-0.24400000000000002-0.08400000000000002,sto1-0.26500000000000007-0.17500000000000002-0.04100000000000001-0.30400000000000005-0.14200000000000002-0.07300000000000001,sto1-0.253-0.164-0.113-0.142-0.079-0.249,sto1-0.07-0.033-0.433-0.037-0.39-0.037,sto1-0.182-0.072-0.259-0.103-0.088-0.296,sta1,sto1-0.25249500998003993-0.2465069860279441-0.26846307385229545-0.22255489021956087-0.006986027944111776-0.0029940119760479044,sto1-0.012012012012012012-0.28428428428428426-0.6086086086086085-0.05005005005005005-0.037037037037037035-0.008008008008008008,sto1-0.187-0.192-0.213-0.021-0.136-0.251,1,1,1,1,1,1,1,1,1,1,1,1,mab
