,exp_loss,actual_regret,exp_regret
0,0.7502799691575406,-0.6523988011988013,0.09788116795873925
1,0.738041158841159,-0.3627976023976026,0.18352352560109686
2,0.738041158841159,-0.2101964035964039,0.2691658832434545
3,0.738041158841159,-0.10059520479520523,0.3548082408858121
