Name,T,0,1,2,3,4,5,6,7,8,9,Defender,Attacker,Profile,Profile,Profile,Profile,Profile,Profile,Profile,Profile,Profile,Profile,Profile,Obs0,Obs1,Obs2,Obs3,Obs4,Obs5,Obs6,Obs7,Obs8,Obs9,Feed_prob0,Feed_prob1,Feed_prob2,Feed_prob3,Feed_prob4,Feed_prob5,Feed_prob6,Feed_prob7,Feed_prob8,Feed_prob9,Feed_type
Full_feedback,1000,0.938,0.89,0.943,0.86,0.985,0.782,0.781,0.73,0.95,0.653,FB1,suqr1-14.744-0.693,sto1-0.03-0.086-0.254-0.125-0.264-0.014-0.178-0.015-0.008-0.026,suqr1-14.744-0.693,suqr1-6.057-0.897,sto1-0.117-0.095-0.039-0.104-0.146-0.023-0.157-0.053-0.158-0.108,sto1-0.2732732732732733-0.06206206206206206-0.004004004004004004-0.007007007007007006-0.01101101101101101-0.03103103103103103-0.0030030030030030025-0.16016016016016016-0.3973973973973974-0.051051051051051045,suqr1-5.127-0.848,suqr1-10.985-0.445,suqr1-8.522-0.231,sto1-0.119-0.081-0.139-0.055-0.022-0.195-0.068-0.148-0.17-0.003,sta1,sto1-0.03796203796203796-0.25574425574425574-0.030969030969030965-0.32167832167832167-0.1768231768231768-0.03896103896103895-0.0029970029970029966-0.010989010989010986-0.03696303696303696-0.0869130869130869,1,1,1,1,1,1,1,1,1,1,1,1,1,1,1,1,1,1,1,1,full
MAB_feedback,1000,0.938,0.89,0.943,0.86,0.985,0.782,0.781,0.73,0.95,0.653,FB1,suqr1-14.744-0.693,sto1-0.03-0.086-0.254-0.125-0.264-0.014-0.178-0.015-0.008-0.026,suqr1-14.744-0.693,suqr1-6.057-0.897,sto1-0.117-0.095-0.039-0.104-0.146-0.023-0.157-0.053-0.158-0.108,sto1-0.2732732732732733-0.06206206206206206-0.004004004004004004-0.007007007007007006-0.01101101101101101-0.03103103103103103-0.0030030030030030025-0.16016016016016016-0.3973973973973974-0.051051051051051045,suqr1-5.127-0.848,suqr1-10.985-0.445,suqr1-8.522-0.231,sto1-0.119-0.081-0.139-0.055-0.022-0.195-0.068-0.148-0.17-0.003,sta1,sto1-0.03796203796203796-0.25574425574425574-0.030969030969030965-0.32167832167832167-0.1768231768231768-0.03896103896103895-0.0029970029970029966-0.010989010989010986-0.03696303696303696-0.0869130869130869,1,1,1,1,1,1,1,1,1,1,1,1,1,1,1,1,1,1,1,1,mab
