Name,T,0,1,2,3,4,5,6,7,8,9,Defender,Attacker,Profile,Profile,Profile,Profile,Profile,Profile,Profile,Profile,Profile,Profile,Profile,Obs0,Obs1,Obs2,Obs3,Obs4,Obs5,Obs6,Obs7,Obs8,Obs9,Feed_prob0,Feed_prob1,Feed_prob2,Feed_prob3,Feed_prob4,Feed_prob5,Feed_prob6,Feed_prob7,Feed_prob8,Feed_prob9,Feed_type
Full_feedback,1000,0.983,0.926,1.0,0.911,0.879,0.747,0.886,0.964,0.893,0.874,FB1,suqr1-8.345-0.786,sto1-0.332-0.091-0.141-0.027-0.022-0.029-0.06-0.24-0.03-0.028,sto1-0.024-0.202-0.391-0.051-0.147-0.0-0.081-0.014-0.003-0.087,suqr1-14.897-0.086,suqr1-8.424-0.547,suqr1-8.345-0.786,sto1-0.2212212212212212-0.015015015015015013-0.13913913913913914-0.06806806806806806-0.15115115115115113-0.06306306306306306-0.03203203203203203-0.24624624624624622-0.0-0.06406406406406406,sta1,suqr1-5.476-0.338,suqr1-12.181-0.467,sto1-0.125-0.014-0.016-0.111-0.17-0.059-0.009-0.031-0.463-0.002,sto1-0.015000000000000001-0.03400000000000001-0.29700000000000004-0.04900000000000001-0.18600000000000003-0.022000000000000002-0.21900000000000003-0.15900000000000003-0.016000000000000004-0.0030000000000000005,1,1,1,1,1,1,1,1,1,1,1,1,1,1,1,1,1,1,1,1,full
MAB_feedback,1000,0.983,0.926,1.0,0.911,0.879,0.747,0.886,0.964,0.893,0.874,FB1,suqr1-8.345-0.786,sto1-0.332-0.091-0.141-0.027-0.022-0.029-0.06-0.24-0.03-0.028,sto1-0.024-0.202-0.391-0.051-0.147-0.0-0.081-0.014-0.003-0.087,suqr1-14.897-0.086,suqr1-8.424-0.547,suqr1-8.345-0.786,sto1-0.2212212212212212-0.015015015015015013-0.13913913913913914-0.06806806806806806-0.15115115115115113-0.06306306306306306-0.03203203203203203-0.24624624624624622-0.0-0.06406406406406406,sta1,suqr1-5.476-0.338,suqr1-12.181-0.467,sto1-0.125-0.014-0.016-0.111-0.17-0.059-0.009-0.031-0.463-0.002,sto1-0.015000000000000001-0.03400000000000001-0.29700000000000004-0.04900000000000001-0.18600000000000003-0.022000000000000002-0.21900000000000003-0.15900000000000003-0.016000000000000004-0.0030000000000000005,1,1,1,1,1,1,1,1,1,1,1,1,1,1,1,1,1,1,1,1,mab
