Name,T,0,1,2,3,4,5,6,7,8,9,Defender,Attacker,Profile,Profile,Profile,Profile,Profile,Profile,Profile,Profile,Profile,Profile,Profile,Obs0,Obs1,Obs2,Obs3,Obs4,Obs5,Obs6,Obs7,Obs8,Obs9,Feed_prob0,Feed_prob1,Feed_prob2,Feed_prob3,Feed_prob4,Feed_prob5,Feed_prob6,Feed_prob7,Feed_prob8,Feed_prob9,Feed_type
Full_feedback,1000,0.796,0.849,0.929,0.915,0.79,0.945,0.873,0.994,0.913,0.721,FB1,suqr1-13.761-0.952,sto1-0.04999999999999999-0.15799999999999997-0.07499999999999998-0.010999999999999998-0.11299999999999998-0.21299999999999994-0.13999999999999999-0.16999999999999998-0.04399999999999999-0.025999999999999992,sto1-0.15884115884115887-0.059940059940059943-0.09590409590409592-0.17482517482517484-0.07392607392607393-0.1038961038961039-0.08291708291708293-0.03596403596403597-0.19580419580419584-0.017982017982017984,sto1-0.176-0.032-0.226-0.124-0.042-0.133-0.107-0.032-0.074-0.054,sto1-0.163-0.133-0.198-0.216-0.012-0.022-0.112-0.108-0.007-0.029,suqr1-8.653-0.713,suqr1-13.761-0.952,sta1,suqr1-11.097-0.993,suqr1-5.634-0.312,suqr1-5.577-0.319,sto1-0.064-0.063-0.004-0.028-0.095-0.063-0.089-0.017-0.351-0.226,1,1,1,1,1,1,1,1,1,1,1,1,1,1,1,1,1,1,1,1,full
MAB_feedback,1000,0.796,0.849,0.929,0.915,0.79,0.945,0.873,0.994,0.913,0.721,FB1,suqr1-13.761-0.952,sto1-0.04999999999999999-0.15799999999999997-0.07499999999999998-0.010999999999999998-0.11299999999999998-0.21299999999999994-0.13999999999999999-0.16999999999999998-0.04399999999999999-0.025999999999999992,sto1-0.15884115884115887-0.059940059940059943-0.09590409590409592-0.17482517482517484-0.07392607392607393-0.1038961038961039-0.08291708291708293-0.03596403596403597-0.19580419580419584-0.017982017982017984,sto1-0.176-0.032-0.226-0.124-0.042-0.133-0.107-0.032-0.074-0.054,sto1-0.163-0.133-0.198-0.216-0.012-0.022-0.112-0.108-0.007-0.029,suqr1-8.653-0.713,suqr1-13.761-0.952,sta1,suqr1-11.097-0.993,suqr1-5.634-0.312,suqr1-5.577-0.319,sto1-0.064-0.063-0.004-0.028-0.095-0.063-0.089-0.017-0.351-0.226,1,1,1,1,1,1,1,1,1,1,1,1,1,1,1,1,1,1,1,1,mab
