Name,T,0,1,2,3,4,5,6,7,8,9,Defender,Attacker,Profile,Profile,Profile,Profile,Profile,Profile,Profile,Profile,Profile,Profile,Profile,Obs0,Obs1,Obs2,Obs3,Obs4,Obs5,Obs6,Obs7,Obs8,Obs9,Feed_prob0,Feed_prob1,Feed_prob2,Feed_prob3,Feed_prob4,Feed_prob5,Feed_prob6,Feed_prob7,Feed_prob8,Feed_prob9,Feed_type
Full_feedback,1000,0.884,0.968,0.911,0.984,0.925,0.823,0.868,0.659,0.878,0.925,FB1,suqr1-10.795-0.645,sto1-0.003-0.059-0.274-0.101-0.187-0.114-0.034-0.07-0.11-0.048,suqr1-6.85-0.02,sta1,sto1-0.33-0.081-0.02-0.102-0.063-0.032-0.106-0.048-0.191-0.027,suqr1-10.795-0.645,sto1-0.2754491017964072-0.00499001996007984-0.013972055888223553-0.06387225548902195-0.11976047904191617-0.14770459081836326-0.14271457085828343-0.05089820359281437-0.1027944111776447-0.07784431137724551,suqr1-13.755-0.538,suqr1-10.738-0.108,suqr1-10.56-0.404,sto1-0.13186813186813187-0.03596403596403596-0.04095904095904095-0.10189810189810188-0.009990009990009988-0.0949050949050949-0.2617382617382617-0.24275724275724272-0.014985014985014982-0.06493506493506493,sto1-0.064-0.24-0.362-0.043-0.057-0.056-0.068-0.071-0.017-0.022,1,1,1,1,1,1,1,1,1,1,1,1,1,1,1,1,1,1,1,1,full
MAB_feedback,1000,0.884,0.968,0.911,0.984,0.925,0.823,0.868,0.659,0.878,0.925,FB1,suqr1-10.795-0.645,sto1-0.003-0.059-0.274-0.101-0.187-0.114-0.034-0.07-0.11-0.048,suqr1-6.85-0.02,sta1,sto1-0.33-0.081-0.02-0.102-0.063-0.032-0.106-0.048-0.191-0.027,suqr1-10.795-0.645,sto1-0.2754491017964072-0.00499001996007984-0.013972055888223553-0.06387225548902195-0.11976047904191617-0.14770459081836326-0.14271457085828343-0.05089820359281437-0.1027944111776447-0.07784431137724551,suqr1-13.755-0.538,suqr1-10.738-0.108,suqr1-10.56-0.404,sto1-0.13186813186813187-0.03596403596403596-0.04095904095904095-0.10189810189810188-0.009990009990009988-0.0949050949050949-0.2617382617382617-0.24275724275724272-0.014985014985014982-0.06493506493506493,sto1-0.064-0.24-0.362-0.043-0.057-0.056-0.068-0.071-0.017-0.022,1,1,1,1,1,1,1,1,1,1,1,1,1,1,1,1,1,1,1,1,mab
