Name,T,0,1,2,3,4,5,6,7,8,9,Defender,Attacker,Profile,Profile,Profile,Profile,Profile,Profile,Profile,Profile,Profile,Profile,Profile,Obs0,Obs1,Obs2,Obs3,Obs4,Obs5,Obs6,Obs7,Obs8,Obs9,Feed_prob0,Feed_prob1,Feed_prob2,Feed_prob3,Feed_prob4,Feed_prob5,Feed_prob6,Feed_prob7,Feed_prob8,Feed_prob9,Feed_type
Full_feedback,1000,0.846,0.713,0.904,0.671,0.794,0.677,0.576,0.845,0.921,0.634,FB1,suqr1-13.647-0.753,sto1-0.083-0.091-0.443-0.016-0.098-0.052-0.0-0.007-0.055-0.155,sta1,suqr1-10.999-0.005,sto1-0.11776447105788422-0.008982035928143712-0.04091816367265469-0.1746506986027944-0.017964071856287425-0.033932135728542916-0.35528942115768464-0.16067864271457086-0.06087824351297405-0.028942115768463075,sto1-0.022-0.009-0.181-0.141-0.008-0.013-0.093-0.026-0.371-0.136,suqr1-13.467-0.345,suqr1-8.773-0.733,sto1-0.007007007007007008-0.2982982982982983-0.030030030030030033-0.11911911911911913-0.03903903903903904-0.21821821821821824-0.07807807807807808-0.04504504504504505-0.07207207207207207-0.0930930930930931,sto1-0.237-0.059-0.019-0.099-0.104-0.019-0.075-0.152-0.03-0.206,suqr1-11.454-0.228,suqr1-13.647-0.753,1,1,1,1,1,1,1,1,1,1,1,1,1,1,1,1,1,1,1,1,full
MAB_feedback,1000,0.846,0.713,0.904,0.671,0.794,0.677,0.576,0.845,0.921,0.634,FB1,suqr1-13.647-0.753,sto1-0.083-0.091-0.443-0.016-0.098-0.052-0.0-0.007-0.055-0.155,sta1,suqr1-10.999-0.005,sto1-0.11776447105788422-0.008982035928143712-0.04091816367265469-0.1746506986027944-0.017964071856287425-0.033932135728542916-0.35528942115768464-0.16067864271457086-0.06087824351297405-0.028942115768463075,sto1-0.022-0.009-0.181-0.141-0.008-0.013-0.093-0.026-0.371-0.136,suqr1-13.467-0.345,suqr1-8.773-0.733,sto1-0.007007007007007008-0.2982982982982983-0.030030030030030033-0.11911911911911913-0.03903903903903904-0.21821821821821824-0.07807807807807808-0.04504504504504505-0.07207207207207207-0.0930930930930931,sto1-0.237-0.059-0.019-0.099-0.104-0.019-0.075-0.152-0.03-0.206,suqr1-11.454-0.228,suqr1-13.647-0.753,1,1,1,1,1,1,1,1,1,1,1,1,1,1,1,1,1,1,1,1,mab
