Name,T,0,1,2,3,4,Defender,Attacker,Profile,Profile,Profile,Obs0,Obs1,Obs2,Obs3,Obs4,Feed_prob0,Feed_prob1,Feed_prob2,Feed_prob3,Feed_prob4,Feed_type
Full_feedback,1000,0.695,0.846,0.707,0.571,0.693,FB1,sta1,suqr1-11.394-0.65,sto1-0.02302302302302302-0.5935935935935935-0.03203203203203203-0.31431431431431434-0.037037037037037035,sta1,1,1,1,1,1,1,1,1,1,1,full
MAB_feedback,1000,0.695,0.846,0.707,0.571,0.693,FB1,sta1,suqr1-11.394-0.65,sto1-0.02302302302302302-0.5935935935935935-0.03203203203203203-0.31431431431431434-0.037037037037037035,sta1,1,1,1,1,1,1,1,1,1,1,mab
