Name,T,0,1,2,3,4,Defender,Attacker,Profile,Profile,Profile,Obs0,Obs1,Obs2,Obs3,Obs4,Feed_prob0,Feed_prob1,Feed_prob2,Feed_prob3,Feed_prob4,Feed_type
Full_feedback,1000,0.664,0.885,0.722,0.544,0.669,FB1,sta1,suqr1-12.644-0.665,sta1,sto1-0.2702702702702703-0.01701701701701702-0.13413413413413414-0.48148148148148145-0.0970970970970971,1,1,1,1,1,1,1,1,1,1,full
MAB_feedback,1000,0.664,0.885,0.722,0.544,0.669,FB1,sta1,suqr1-12.644-0.665,sta1,sto1-0.2702702702702703-0.01701701701701702-0.13413413413413414-0.48148148148148145-0.0970970970970971,1,1,1,1,1,1,1,1,1,1,mab
