Name,T,0,1,2,3,4,Defender,Attacker,Profile,Profile,Profile,Obs0,Obs1,Obs2,Obs3,Obs4,Feed_prob0,Feed_prob1,Feed_prob2,Feed_prob3,Feed_prob4,Feed_type
Full_feedback,1000,0.656,0.539,0.678,0.635,0.493,FB1,sta1,sta1,suqr1-7.739-0.001,sto1-0.062000000000000006-0.011000000000000001-0.6970000000000001-0.10200000000000001-0.12800000000000003,1,1,1,1,1,1,1,1,1,1,full
MAB_feedback,1000,0.656,0.539,0.678,0.635,0.493,FB1,sta1,sta1,suqr1-7.739-0.001,sto1-0.062000000000000006-0.011000000000000001-0.6970000000000001-0.10200000000000001-0.12800000000000003,1,1,1,1,1,1,1,1,1,1,mab
