Name,T,0,1,2,3,4,Defender,Attacker,Profile,Profile,Profile,Profile,Profile,Profile,Profile,Profile,Profile,Profile,Profile,Profile,Profile,Profile,Profile,Profile,Obs0,Obs1,Obs2,Obs3,Obs4,Feed_prob0,Feed_prob1,Feed_prob2,Feed_prob3,Feed_prob4,Feed_type
FB1_vs_sto1-10_pr,100,0.752,0.925,0.905,0.811,0.717,FB1,suqr1-11.791-0.383,sto1-0.264-0.134-0.1-0.45-0.052,sto1-0.176-0.465-0.018-0.073-0.268,suqr1-11.791-0.383,sto1-0.062-0.15-0.459-0.123-0.206,suqr1-7.24-0.245,suqr1-7.046-0.539,suqr1-6.507-0.859,sto1-0.02197802197802198-0.06093906093906094-0.8431568431568432-0.04095904095904097-0.032967032967032975,sto1-0.542-0.13-0.153-0.091-0.084,sto1-0.028000000000000004-0.07600000000000001-0.23500000000000001-0.5690000000000001-0.09200000000000001,suqr1-6.025-0.226,sto1-0.2867132867132867-0.14485514485514486-0.2107892107892108-0.3346653346653347-0.02297702297702298,sto1-0.08608608608608607-0.08208208208208209-0.4634634634634635-0.26326326326326327-0.1051051051051051,sta1,sto1-0.5034965034965034-0.30769230769230765-0.08091908091908091-0.05594405594405594-0.05194805194805194,sto1-0.137-0.134-0.016-0.11-0.603,1,1,1,1,1,1,1,1,1,1,mab
FB1_vs_sto1-5_pr,100,0.752,0.925,0.905,0.811,0.717,FB1,suqr1-11.791-0.383,sto1-0.264-0.134-0.1-0.45-0.052,sto1-0.176-0.465-0.018-0.073-0.268,suqr1-11.791-0.383,sto1-0.062-0.15-0.459-0.123-0.206,suqr1-7.24-0.245,suqr1-7.046-0.539,suqr1-6.507-0.859,sto1-0.02197802197802198-0.06093906093906094-0.8431568431568432-0.04095904095904097-0.032967032967032975,sto1-0.542-0.13-0.153-0.091-0.084,,suqr1-6.025-0.226,sta1,,,,,1,1,1,1,1,1,1,1,1,1,mab
FB1_vs_sto1-busto_std,100,0.752,0.925,0.905,0.811,0.717,FB1,suqr1-11.791-0.383,busto1,,suqr1-11.791-0.383,,suqr1-7.24-0.245,suqr1-7.046-0.539,suqr1-6.507-0.859,,,,suqr1-6.025-0.226,sta1,,,,,1,1,1,1,1,1,1,1,1,1,mab
FB1_vs_sto1-busto_bad,100,0.752,0.925,0.905,0.811,0.717,FB1,suqr1-11.791-0.383,busto1-26-13-1-45-5,,suqr1-11.791-0.383,,suqr1-7.24-0.245,suqr1-7.046-0.539,suqr1-6.507-0.859,,,,suqr1-6.025-0.226,sta1,,,,,1,1,1,1,1,1,1,1,1,1,mab