Name,T,0,1,2,3,4,Defender,Attacker,Profile,Profile,Profile,Profile,Profile,Profile,Profile,Profile,Profile,Profile,Profile,Obs0,Obs1,Obs2,Obs3,Obs4,Feed_prob0,Feed_prob1,Feed_prob2,Feed_prob3,Feed_prob4,Feed_type
FB1_vs_sto1-0.07207207207207206-0.2152152152152152-0.5015015015015014-0.015015015015015013-0.1961961961961962,100,0.715,0.856,0.971,0.828,0.641,FB1,sta1,suqr1-6.549-0.784,suqr1-13.512-0.153,sto1-0.04195804195804195-0.05194805194805194-0.0029970029970029966-0.23176823176823175-0.6713286713286712,suqr1-5.464-0.783,sto1-0.07207207207207206-0.2152152152152152-0.5015015015015014-0.015015015015015013-0.1961961961961962,sta1,suqr1-13.539-0.67,sto1-0.363-0.071-0.04-0.474-0.052,sto1-0.23623623623623619-0.08508508508508508-0.2222222222222222-0.025025025025025023-0.43143143143143137,suqr1-10.806-0.295,sto1-0.444-0.452-0.076-0.006-0.022,1,1,1,1,1,1,1,1,1,1,full
FB1_vs_fusto1,100,0.715,0.856,0.971,0.828,0.641,FB1,sta1,suqr1-6.549-0.784,suqr1-13.512-0.153,fusto1,suqr1-5.464-0.783,,sta1,suqr1-13.539-0.67,,,suqr1-10.806-0.295,,1,1,1,1,1,1,1,1,1,1,full
FB1_vs_busto1_no_pr,100,0.715,0.856,0.971,0.828,0.641,FB1,sta1,suqr1-6.549-0.784,suqr1-13.512-0.153,busto1,suqr1-5.464-0.783,,sta1,suqr1-13.539-0.67,,,suqr1-10.806-0.295,,1,1,1,1,1,1,1,1,1,1,full
FB1_vs_busto1_bad_pr,100,0.715,0.856,0.971,0.828,0.641,FB1,sta1,suqr1-6.549-0.784,suqr1-13.512-0.153,busto1-7-22-50-2-20,suqr1-5.464-0.783,,sta1,suqr1-13.539-0.67,,,suqr1-10.806-0.295,,1,1,1,1,1,1,1,1,1,1,full
