Name,T,0,1,2,3,4,Defender,Attacker,Profile,Profile,Profile,Profile,Profile,Obs0,Obs1,Obs2,Obs3,Obs4,Feed_prob0,Feed_prob1,Feed_prob2,Feed_prob3,Feed_prob4,Feed_type
FB1_vs_sto1-0.258-0.117-0.328-0.227-0.07_full,100,0.854,0.952,0.855,0.888,0.93,FB1,sto1-0.258-0.117-0.328-0.227-0.07,sto1-0.258-0.117-0.328-0.227-0.07,sto1-0.258-0.117-0.328-0.227-0.07,sto1-0.3533533533533534-0.12112112112112113-0.004004004004004005-0.3393393393393394-0.18218218218218218,sto1-0.015-0.135-0.277-0.535-0.038,sto1-0.014014014014014014-0.3033033033033033-0.011011011011011011-0.4204204204204204-0.25125125125125125,1,1,1,1,1,1,1,1,1,1,full
FB1_vs_sto1-0.258-0.117-0.328-0.227-0.07_mab,100,0.854,0.952,0.855,0.888,0.93,FB1,sto1-0.258-0.117-0.328-0.227-0.07,sto1-0.258-0.117-0.328-0.227-0.07,sto1-0.258-0.117-0.328-0.227-0.07,sto1-0.3533533533533534-0.12112112112112113-0.004004004004004005-0.3393393393393394-0.18218218218218218,sto1-0.015-0.135-0.277-0.535-0.038,sto1-0.014014014014014014-0.3033033033033033-0.011011011011011011-0.4204204204204204-0.25125125125125125,1,1,1,1,1,1,1,1,1,1,mab
