Name,T,0,1,2,3,4,Defender,Attacker,Profile,Profile,Obs0,Obs1,Obs2,Obs3,Obs4,Feed_prob0,Feed_prob1,Feed_prob2,Feed_prob3,Feed_prob4,Feed_type
FB1_vs_sto1-0.258-0.117-0.328-0.227-0.07_full,100,0.854,0.952,0.855,0.888,0.93,FB1,sto1-0.258-0.117-0.328-0.227-0.07,sto1-0.7487487487487487-0.1091091091091091-0.11711711711711713-0.009009009009009009-0.016016016016016016,sto1-0.258-0.117-0.328-0.227-0.07,1,1,1,1,1,1,1,1,1,1,full
FB1_vs_sto1-0.258-0.117-0.328-0.227-0.07_mab,100,0.854,0.952,0.855,0.888,0.93,FB1,sto1-0.258-0.117-0.328-0.227-0.07,sto1-0.7487487487487487-0.1091091091091091-0.11711711711711713-0.009009009009009009-0.016016016016016016,sto1-0.258-0.117-0.328-0.227-0.07,1,1,1,1,1,1,1,1,1,1,mab