Name,T,0,1,2,3,4,Defender,Attacker,Profile,Profile,Profile,Profile,Profile,Profile,Profile,Profile,Profile,Profile,Profile,Obs0,Obs1,Obs2,Obs3,Obs4,Feed_prob0,Feed_prob1,Feed_prob2,Feed_prob3,Feed_prob4,Feed_type
FB1_vs_sto1-0.2-0.2-0.2-0.2-0.2_full,300,0.859,0.936,0.925,0.952,0.694,FB1,sto1-0.2-0.2-0.2-0.2-0.2,sto1-0.312-0.009-0.161-0.215-0.303,sto1-0.19619619619619622-0.2092092092092092-0.02002002002002002-0.3073073073073073-0.2672672672672673,sto1-0.3003003003003003-0.019019019019019017-0.06806806806806807-0.36036036036036034-0.25225225225225223,sto1-0.177-0.349-0.315-0.053-0.106,sto1-0.169-0.1-0.123-0.077-0.531,sto1-0.299-0.254-0.156-0.233-0.058,sto1-0.2-0.2-0.2-0.2-0.2,sto1-0.127-0.031-0.318-0.021-0.503,sto1-0.043-0.272-0.137-0.317-0.231,sto1-0.593-0.012-0.014-0.119-0.262,sto1-0.2-0.2-0.2-0.2-0.2,1,1,1,1,1,1,1,1,1,1,full
FB1_vs_sto1-0.2-0.2-0.2-0.2-0.2_mab,300,0.859,0.936,0.925,0.952,0.694,FB1,sto1-0.2-0.2-0.2-0.2-0.2,sto1-0.312-0.009-0.161-0.215-0.303,sto1-0.19619619619619622-0.2092092092092092-0.02002002002002002-0.3073073073073073-0.2672672672672673,sto1-0.3003003003003003-0.019019019019019017-0.06806806806806807-0.36036036036036034-0.25225225225225223,sto1-0.177-0.349-0.315-0.053-0.106,sto1-0.169-0.1-0.123-0.077-0.531,sto1-0.299-0.254-0.156-0.233-0.058,sto1-0.2-0.2-0.2-0.2-0.2,sto1-0.127-0.031-0.318-0.021-0.503,sto1-0.043-0.272-0.137-0.317-0.231,sto1-0.593-0.012-0.014-0.119-0.262,sto1-0.2-0.2-0.2-0.2-0.2,1,1,1,1,1,1,1,1,1,1,mab
