Name,T,0,1,2,3,4,Defender,Attacker,Profile,Profile,Profile,Profile,Profile,Profile,Profile,Profile,Profile,Profile,Obs0,Obs1,Obs2,Obs3,Obs4,Feed_prob0,Feed_prob1,Feed_prob2,Feed_prob3,Feed_prob4,Feed_type
FB1_vs_sto1-0.5-0.152-0.049-0.207-0.092,100,0.768,0.926,0.68,0.756,0.791,FB1,sto1-0.5-0.152-0.049-0.207-0.092,sto1-0.2757242757242757-0.40459540459540455-0.17082917082917082-0.13286713286713286-0.015984015984015984,sto1-0.03996003996003997-0.3466533466533467-0.15484515484515485-0.4395604395604396-0.018981018981018984,sto1-0.1888111888111888-0.23776223776223773-0.4975024975024974-0.06393606393606394-0.011988011988011986,sto1-0.118-0.246-0.457-0.04-0.139,sto1-0.5-0.152-0.049-0.207-0.092,sto1-0.011-0.449-0.126-0.126-0.288,sto1-0.13113113113113112-0.24724724724724723-0.3313313313313313-0.1481481481481481-0.1421421421421421,sto1-0.44655344655344653-0.13886113886113885-0.03696303696303696-0.1938061938061938-0.18381618381618378,sto1-0.003-0.473-0.002-0.253-0.269,sto1-0.561-0.084-0.163-0.119-0.073,1,1,1,1,1,1,1,1,1,1,full
FB1_vs_fusto1,100,0.768,0.926,0.68,0.756,0.791,FB1,sto1-0.5-0.152-0.049-0.207-0.092,fusto1,,,,,,,,,,1,1,1,1,1,1,1,1,1,1,full
FB1_vs_busto1_no_pr,100,0.768,0.926,0.68,0.756,0.791,FB1,sto1-0.5-0.152-0.049-0.207-0.092,busto1,,,,,,,,,,1,1,1,1,1,1,1,1,1,1,full
FB1_vs_busto1_good_pr,100,0.768,0.926,0.68,0.756,0.791,FB1,sto1-0.5-0.152-0.049-0.207-0.092,busto1-50-15-5-21-9,,,,,,,,,,1,1,1,1,1,1,1,1,1,1,full