Name,T,0,1,2,3,4,Defender,Attacker,Profile,Profile,Profile,Profile,Obs0,Obs1,Obs2,Obs3,Obs4,Feed_prob0,Feed_prob1,Feed_prob2,Feed_prob3,Feed_prob4,Feed_type

FB1_vs_suqr1-6.687-0.723_full,300,0.831,0.905,0.997,0.747,0.804,FB1,suqr1-6.687-0.723,sto1-0.255255255255-0.478478478478-0.154154154154-0.0740740740741-0.038038038038,suqr1-8.715-0.818,sta1,sto1-0.326326326326-0.184184184184-0.16016016016-0.125125125125-0.204204204204,1,1,1,1,1,1,1,1,1,1,full

FB1_vs_suqr1-6.687-0.723_mab,300,0.831,0.905,0.997,0.747,0.804,FB1,suqr1-6.687-0.723,sto1-0.255255255255-0.478478478478-0.154154154154-0.0740740740741-0.038038038038,suqr1-8.715-0.818,sta1,sto1-0.326326326326-0.184184184184-0.16016016016-0.125125125125-0.204204204204,1,1,1,1,1,1,1,1,1,1,mab
