Name,T,0,1,2,3,4,Defender,Attacker,Profile,Profile,Profile,Profile,Profile,Profile,Profile,Profile,Profile,Profile,Profile,Obs0,Obs1,Obs2,Obs3,Obs4,Feed_prob0,Feed_prob1,Feed_prob2,Feed_prob3,Feed_prob4,Feed_type
Full_feedback,1000,0.624,0.591,0.938,0.668,0.599,FB1,suqr1-5.54-0.282,suqr1-10.423-0.836,sto1-0.028-0.009-0.055-0.607-0.301,sto1-0.11122244488977956-0.2625250501002004-0.01603206412825651-0.5-0.11022044088176353,sta1,sto1-0.73-0.059-0.054-0.136-0.021,suqr1-5.097-0.998,sto1-0.019019019019019017-0.7677677677677677-0.12612612612612611-0.04404404404404404-0.04304304304304304,suqr1-6.969-0.874,suqr1-5.489-0.16,sto1-0.27127127127127126-0.5535535535535536-0.07307307307307306-0.09109109109109109-0.011011011011011011,suqr1-5.54-0.282,1,1,1,1,1,1,1,1,1,1,full
MAB_feedback,1000,0.624,0.591,0.938,0.668,0.599,FB1,suqr1-5.54-0.282,suqr1-10.423-0.836,sto1-0.028-0.009-0.055-0.607-0.301,sto1-0.11122244488977956-0.2625250501002004-0.01603206412825651-0.5-0.11022044088176353,sta1,sto1-0.73-0.059-0.054-0.136-0.021,suqr1-5.097-0.998,sto1-0.019019019019019017-0.7677677677677677-0.12612612612612611-0.04404404404404404-0.04304304304304304,suqr1-6.969-0.874,suqr1-5.489-0.16,sto1-0.27127127127127126-0.5535535535535536-0.07307307307307306-0.09109109109109109-0.011011011011011011,suqr1-5.54-0.282,1,1,1,1,1,1,1,1,1,1,mab
