Name,T,0,1,2,3,4,Defender,Attacker,Profile,Profile,Profile,Profile,Profile,Profile,Profile,Profile,Profile,Profile,Profile,Obs0,Obs1,Obs2,Obs3,Obs4,Feed_prob0,Feed_prob1,Feed_prob2,Feed_prob3,Feed_prob4,Feed_type
Full_feedback,1000,1.0,0.822,0.694,0.611,0.579,FB1,suqr1-14.521-0.966,suqr1-14.604-0.325,sto1-0.025-0.425-0.366-0.028-0.156,sto1-0.15815815815815817-0.004004004004004005-0.4844844844844845-0.06806806806806807-0.2852852852852853,suqr1-6.51-0.128,suqr1-10.653-0.488,sto1-0.498-0.331-0.002-0.011-0.158,suqr1-8.268-0.966,suqr1-14.521-0.966,sto1-0.053-0.121-0.111-0.346-0.369,sta1,sto1-0.06393606393606395-0.19280719280719283-0.24875124875124877-0.015984015984015987-0.4785214785214786,1,1,1,1,1,1,1,1,1,1,full
MAB_feedback,1000,1.0,0.822,0.694,0.611,0.579,FB1,suqr1-14.521-0.966,suqr1-14.604-0.325,sto1-0.025-0.425-0.366-0.028-0.156,sto1-0.15815815815815817-0.004004004004004005-0.4844844844844845-0.06806806806806807-0.2852852852852853,suqr1-6.51-0.128,suqr1-10.653-0.488,sto1-0.498-0.331-0.002-0.011-0.158,suqr1-8.268-0.966,suqr1-14.521-0.966,sto1-0.053-0.121-0.111-0.346-0.369,sta1,sto1-0.06393606393606395-0.19280719280719283-0.24875124875124877-0.015984015984015987-0.4785214785214786,1,1,1,1,1,1,1,1,1,1,mab
