Name,T,0,1,2,3,4,Defender,Attacker,Profile,Profile,Profile,Profile,Profile,Profile,Profile,Profile,Profile,Profile,Profile,Obs0,Obs1,Obs2,Obs3,Obs4,Feed_prob0,Feed_prob1,Feed_prob2,Feed_prob3,Feed_prob4,Feed_type
Full_feedback,1000,0.628,0.879,0.66,0.898,0.821,FB1,suqr1-7.871-0.742,sto1-0.284-0.268-0.074-0.257-0.117,suqr1-11.915-0.308,suqr1-14.826-0.25,suqr1-9.576-0.182,sto1-0.09890109890109891-0.09090909090909091-0.34865134865134867-0.28771228771228774-0.17382617382617382,sto1-0.145-0.005-0.724-0.115-0.011,suqr1-7.555-0.497,sto1-0.0940940940940941-0.02302302302302302-0.2782782782782783-0.45045045045045046-0.15415415415415415,sta1,sto1-0.099-0.11-0.391-0.122-0.278,suqr1-7.871-0.742,1,1,1,1,1,1,1,1,1,1,full
MAB_feedback,1000,0.628,0.879,0.66,0.898,0.821,FB1,suqr1-7.871-0.742,sto1-0.284-0.268-0.074-0.257-0.117,suqr1-11.915-0.308,suqr1-14.826-0.25,suqr1-9.576-0.182,sto1-0.09890109890109891-0.09090909090909091-0.34865134865134867-0.28771228771228774-0.17382617382617382,sto1-0.145-0.005-0.724-0.115-0.011,suqr1-7.555-0.497,sto1-0.0940940940940941-0.02302302302302302-0.2782782782782783-0.45045045045045046-0.15415415415415415,sta1,sto1-0.099-0.11-0.391-0.122-0.278,suqr1-7.871-0.742,1,1,1,1,1,1,1,1,1,1,mab
