Name,T,0,1,2,3,4,Defender,Attacker,Profile,Profile,Profile,Profile,Profile,Profile,Profile,Profile,Profile,Profile,Profile,Obs0,Obs1,Obs2,Obs3,Obs4,Feed_prob0,Feed_prob1,Feed_prob2,Feed_prob3,Feed_prob4,Feed_type
Full_feedback,1000,0.993,0.871,0.993,0.987,0.931,FB1,suqr1-13.036-0.114,suqr1-7.285-0.596,sto1-0.5254745254745254-0.2807192807192807-0.010989010989010986-0.08791208791208789-0.0949050949050949,sto1-0.5194805194805194-0.023976023976023973-0.16883116883116883-0.1888111888111888-0.0989010989010989,suqr1-5.408-0.825,sto1-0.338-0.061-0.078-0.285-0.238,sta1,sto1-0.337-0.102-0.178-0.362-0.021,suqr1-14.302-0.789,sto1-0.095-0.138-0.067-0.334-0.366,suqr1-5.307-0.536,suqr1-13.036-0.114,1,1,1,1,1,1,1,1,1,1,full
MAB_feedback,1000,0.993,0.871,0.993,0.987,0.931,FB1,suqr1-13.036-0.114,suqr1-7.285-0.596,sto1-0.5254745254745254-0.2807192807192807-0.010989010989010986-0.08791208791208789-0.0949050949050949,sto1-0.5194805194805194-0.023976023976023973-0.16883116883116883-0.1888111888111888-0.0989010989010989,suqr1-5.408-0.825,sto1-0.338-0.061-0.078-0.285-0.238,sta1,sto1-0.337-0.102-0.178-0.362-0.021,suqr1-14.302-0.789,sto1-0.095-0.138-0.067-0.334-0.366,suqr1-5.307-0.536,suqr1-13.036-0.114,1,1,1,1,1,1,1,1,1,1,mab
