Name,T,0,1,2,3,4,Defender,Attacker,Profile,Profile,Profile,Profile,Profile,Profile,Profile,Profile,Profile,Profile,Profile,Obs0,Obs1,Obs2,Obs3,Obs4,Feed_prob0,Feed_prob1,Feed_prob2,Feed_prob3,Feed_prob4,Feed_type
Full_feedback,1000,0.644,0.825,0.748,0.64,0.954,FB1,suqr1-5.127-0.998,sto1-0.002002002002002002-0.3063063063063063-0.09309309309309308-0.16516516516516516-0.4334334334334334,suqr1-13.235-0.544,suqr1-5.127-0.998,suqr1-10.175-0.476,suqr1-13.325-0.976,sto1-0.09390609390609392-0.10889110889110891-0.4335664335664336-0.29870129870129875-0.06493506493506494,sto1-0.473-0.098-0.055-0.024-0.35,suqr1-7.511-0.162,sto1-0.03699999999999999-0.6799999999999999-0.059999999999999984-0.053999999999999986-0.16899999999999998,sto1-0.3903903903903904-0.1001001001001001-0.1061061061061061-0.36836836836836834-0.035035035035035036,sta1,1,1,1,1,1,1,1,1,1,1,full
MAB_feedback,1000,0.644,0.825,0.748,0.64,0.954,FB1,suqr1-5.127-0.998,sto1-0.002002002002002002-0.3063063063063063-0.09309309309309308-0.16516516516516516-0.4334334334334334,suqr1-13.235-0.544,suqr1-5.127-0.998,suqr1-10.175-0.476,suqr1-13.325-0.976,sto1-0.09390609390609392-0.10889110889110891-0.4335664335664336-0.29870129870129875-0.06493506493506494,sto1-0.473-0.098-0.055-0.024-0.35,suqr1-7.511-0.162,sto1-0.03699999999999999-0.6799999999999999-0.059999999999999984-0.053999999999999986-0.16899999999999998,sto1-0.3903903903903904-0.1001001001001001-0.1061061061061061-0.36836836836836834-0.035035035035035036,sta1,1,1,1,1,1,1,1,1,1,1,mab
