Name,T,0,1,2,3,4,Defender,Attacker,Profile,Profile,Profile,Profile,Profile,Profile,Profile,Profile,Profile,Profile,Profile,Obs0,Obs1,Obs2,Obs3,Obs4,Feed_prob0,Feed_prob1,Feed_prob2,Feed_prob3,Feed_prob4,Feed_type
Full_feedback,1000,0.729,0.912,0.818,0.894,0.789,FB1,suqr1-6.124-0.82,suqr1-6.124-0.82,sto1-0.006-0.221-0.258-0.04-0.475,sta1,sto1-0.013013013013013013-0.008008008008008008-0.5005005005005005-0.08308308308308308-0.3953953953953954,suqr1-7.193-0.859,sto1-0.014985014985014982-0.2617382617382617-0.25774225774225773-0.2487512487512487-0.21678321678321677,suqr1-10.027-0.356,suqr1-7.854-0.316,sto1-0.784-0.089-0.069-0.009-0.049,sto1-0.16316316316316315-0.3513513513513513-0.46346346346346345-0.014014014014014012-0.008008008008008008,suqr1-12.358-0.581,1,1,1,1,1,1,1,1,1,1,full
MAB_feedback,1000,0.729,0.912,0.818,0.894,0.789,FB1,suqr1-6.124-0.82,suqr1-6.124-0.82,sto1-0.006-0.221-0.258-0.04-0.475,sta1,sto1-0.013013013013013013-0.008008008008008008-0.5005005005005005-0.08308308308308308-0.3953953953953954,suqr1-7.193-0.859,sto1-0.014985014985014982-0.2617382617382617-0.25774225774225773-0.2487512487512487-0.21678321678321677,suqr1-10.027-0.356,suqr1-7.854-0.316,sto1-0.784-0.089-0.069-0.009-0.049,sto1-0.16316316316316315-0.3513513513513513-0.46346346346346345-0.014014014014014012-0.008008008008008008,suqr1-12.358-0.581,1,1,1,1,1,1,1,1,1,1,mab
