Name,T,0,1,2,3,4,Defender,Attacker,Profile,Profile,Profile,Profile,Profile,Profile,Profile,Profile,Profile,Profile,Profile,Obs0,Obs1,Obs2,Obs3,Obs4,Feed_prob0,Feed_prob1,Feed_prob2,Feed_prob3,Feed_prob4,Feed_type
Full_feedback,1000,0.988,0.981,0.755,0.964,0.764,FB1,suqr1-9.894-0.182,sto1-0.597-0.056-0.063-0.236-0.048,sto1-0.426-0.227-0.21-0.005-0.132,sto1-0.4665334665334666-0.36963036963036966-0.11988011988011989-0.01198801198801199-0.031968031968031975,suqr1-12.89-0.05,sto1-0.381-0.386-0.039-0.102-0.092,suqr1-10.617-0.713,suqr1-9.894-0.182,suqr1-13.696-0.107,suqr1-13.823-0.911,sta1,sto1-0.5674325674325674-0.13386613386613389-0.08391608391608393-0.015984015984015987-0.19880119880119884,1,1,1,1,1,1,1,1,1,1,full
MAB_feedback,1000,0.988,0.981,0.755,0.964,0.764,FB1,suqr1-9.894-0.182,sto1-0.597-0.056-0.063-0.236-0.048,sto1-0.426-0.227-0.21-0.005-0.132,sto1-0.4665334665334666-0.36963036963036966-0.11988011988011989-0.01198801198801199-0.031968031968031975,suqr1-12.89-0.05,sto1-0.381-0.386-0.039-0.102-0.092,suqr1-10.617-0.713,suqr1-9.894-0.182,suqr1-13.696-0.107,suqr1-13.823-0.911,sta1,sto1-0.5674325674325674-0.13386613386613389-0.08391608391608393-0.015984015984015987-0.19880119880119884,1,1,1,1,1,1,1,1,1,1,mab
