Name,T,0,1,2,3,4,Defender,Attacker,Profile,Profile,Profile,Profile,Profile,Profile,Profile,Profile,Profile,Profile,Profile,Obs0,Obs1,Obs2,Obs3,Obs4,Feed_prob0,Feed_prob1,Feed_prob2,Feed_prob3,Feed_prob4,Feed_type
Full_feedback,1000,0.565,0.877,0.767,0.618,0.72,FB1,suqr1-8.535-0.433,suqr1-8.535-0.433,sto1-0.1251251251251251-0.4334334334334334-0.4064064064064064-0.030030030030030026-0.005005005005005005,suqr1-10.857-0.912,sto1-0.13-0.403-0.273-0.148-0.046,sto1-0.005005005005005005-0.2582582582582582-0.18418418418418417-0.5145145145145145-0.038038038038038034,suqr1-10.271-0.963,suqr1-11.38-0.476,sto1-0.295-0.28-0.009-0.372-0.044,sta1,suqr1-12.532-0.08,sto1-0.361-0.228-0.247-0.094-0.07,1,1,1,1,1,1,1,1,1,1,full
MAB_feedback,1000,0.565,0.877,0.767,0.618,0.72,FB1,suqr1-8.535-0.433,suqr1-8.535-0.433,sto1-0.1251251251251251-0.4334334334334334-0.4064064064064064-0.030030030030030026-0.005005005005005005,suqr1-10.857-0.912,sto1-0.13-0.403-0.273-0.148-0.046,sto1-0.005005005005005005-0.2582582582582582-0.18418418418418417-0.5145145145145145-0.038038038038038034,suqr1-10.271-0.963,suqr1-11.38-0.476,sto1-0.295-0.28-0.009-0.372-0.044,sta1,suqr1-12.532-0.08,sto1-0.361-0.228-0.247-0.094-0.07,1,1,1,1,1,1,1,1,1,1,mab
