Name,T,0,1,2,3,4,Defender,Attacker,Attacker,Profile,Profile,Profile,Profile,Profile,Profile,Profile,Dist_att
FB2_vs_sta1_sto1-0.10700000000000001-0.35200000000000004-0.43700000000000006-0.029000000000000005-0.07500000000000001,100,0.614,0.739,0.833,0.806,0.895,FB2,sta1,sto1-0.10700000000000001-0.35200000000000004-0.43700000000000006-0.029000000000000005-0.07500000000000001,sto1-0.05-0.092-0.678-0.133-0.047,sto1-0.10700000000000001-0.35200000000000004-0.43700000000000006-0.029000000000000005-0.07500000000000001,sto1-0.5180000000000001-0.22300000000000003-0.08200000000000002-0.07100000000000001-0.10600000000000001,sto1-0.137-0.117-0.193-0.185-0.368,sta1,sto1-0.369-0.4-0.133-0.042-0.056,sto1-0.036-0.457-0.215-0.236-0.056,no
