Name,T,0,1,2,3,4,Defender,Attacker,Attacker,Profile,Profile,Profile,Profile,Profile,Profile,Profile,Dist_att
FB2_vs_sto1-0.10299999999999997-0.4469999999999999-0.040999999999999995-0.30699999999999994-0.10199999999999997_sta1,100,0.917,0.759,0.932,0.682,0.82,FB2,sto1-0.10299999999999997-0.4469999999999999-0.040999999999999995-0.30699999999999994-0.10199999999999997,sta1,sto1-0.10299999999999997-0.4469999999999999-0.040999999999999995-0.30699999999999994-0.10199999999999997,sto1-0.23976023976023977-0.35564435564435565-0.29270729270729273-0.09690309690309691-0.014985014985014986,sto1-0.1-0.488-0.19-0.031-0.191,sta1,sto1-0.6516516516516516-0.04704704704704705-0.08408408408408409-0.06506506506506507-0.15215215215215214,sto1-0.005994005994005993-0.3636363636363636-0.05394605394605394-0.13586413586413587-0.4405594405594405,sto1-0.048-0.113-0.403-0.066-0.37,no
