Name,T,0,1,2,3,4,5,6,7,8,9,Defender,Attacker,Profile,Profile,Profile,Profile,Profile,Profile,Obs0,Obs1,Obs2,Obs3,Obs4,Obs5,Obs6,Obs7,Obs8,Obs9,Feed_prob0,Feed_prob1,Feed_prob2,Feed_prob3,Feed_prob4,Feed_prob5,Feed_prob6,Feed_prob7,Feed_prob8,Feed_prob9,Feed_type
Full_feedback,1000,0.938,0.695,0.996,0.777,0.862,0.815,0.837,0.999,0.763,0.94,FB1,sta1,sto1-0.008016032064128256-0.027054108216432865-0.09719438877755511-0.19238476953907815-0.1372745490981964-0.08016032064128256-0.1472945891783567-0.002004008016032064-0.22945891783567135-0.07915831663326653,sto1-0.13313313313313313-0.02902902902902903-0.031031031031031032-0.21421421421421422-0.06006006006006006-0.042042042042042045-0.025025025025025027-0.06306306306306306-0.2602602602602603-0.14214214214214213,sto1-0.06793206793206794-0.13686313686313686-0.3806193806193806-0.05394605394605394-0.013986013986013984-0.16083916083916083-0.02897102897102897-0.043956043956043946-0.029970029970029965-0.08291708291708291,sta1,sto1-0.076-0.127-0.202-0.028-0.087-0.22-0.127-0.059-0.03-0.044,sto1-0.297-0.007-0.02-0.216-0.046-0.015-0.037-0.063-0.261-0.038,1,1,1,1,1,1,1,1,1,1,1,1,1,1,1,1,1,1,1,1,full
MAB_feedback,1000,0.938,0.695,0.996,0.777,0.862,0.815,0.837,0.999,0.763,0.94,FB1,sta1,sto1-0.008016032064128256-0.027054108216432865-0.09719438877755511-0.19238476953907815-0.1372745490981964-0.08016032064128256-0.1472945891783567-0.002004008016032064-0.22945891783567135-0.07915831663326653,sto1-0.13313313313313313-0.02902902902902903-0.031031031031031032-0.21421421421421422-0.06006006006006006-0.042042042042042045-0.025025025025025027-0.06306306306306306-0.2602602602602603-0.14214214214214213,sto1-0.06793206793206794-0.13686313686313686-0.3806193806193806-0.05394605394605394-0.013986013986013984-0.16083916083916083-0.02897102897102897-0.043956043956043946-0.029970029970029965-0.08291708291708291,sta1,sto1-0.076-0.127-0.202-0.028-0.087-0.22-0.127-0.059-0.03-0.044,sto1-0.297-0.007-0.02-0.216-0.046-0.015-0.037-0.063-0.261-0.038,1,1,1,1,1,1,1,1,1,1,1,1,1,1,1,1,1,1,1,1,mab
