Name,T,0,1,2,3,4,5,6,7,8,9,Defender,Attacker,Profile,Profile,Profile,Profile,Profile,Profile,Obs0,Obs1,Obs2,Obs3,Obs4,Obs5,Obs6,Obs7,Obs8,Obs9,Feed_prob0,Feed_prob1,Feed_prob2,Feed_prob3,Feed_prob4,Feed_prob5,Feed_prob6,Feed_prob7,Feed_prob8,Feed_prob9,Feed_type
Full_feedback,1000,0.864,0.945,0.997,0.96,0.856,0.831,0.681,0.835,0.806,0.779,FB1,sta1,sto1-0.035035035035035036-0.3843843843843843-0.035035035035035036-0.1151151151151151-0.1201201201201201-0.02202202202202202-0.18918918918918917-0.01001001001001001-0.038038038038038034-0.051051051051051045,sto1-0.342-0.112-0.021-0.035-0.104-0.174-0.019-0.075-0.057-0.061,sto1-0.07800000000000001-0.15000000000000002-0.047000000000000014-0.043000000000000003-0.08800000000000001-0.08100000000000002-0.32000000000000006-0.06400000000000002-0.06400000000000002-0.06500000000000002,sto1-0.11100000000000002-0.013000000000000001-0.04200000000000001-0.16900000000000004-0.04800000000000001-0.18200000000000002-0.25300000000000006-0.038000000000000006-0.12300000000000001-0.021000000000000005,sta1,sto1-0.36963036963036966-0.04695304695304696-0.003996003996003997-0.23676323676323677-0.02497502497502498-0.008991008991008992-0.05394605394605395-0.18881118881118883-0.016983016983016987-0.04895104895104896,1,1,1,1,1,1,1,1,1,1,1,1,1,1,1,1,1,1,1,1,full
MAB_feedback,1000,0.864,0.945,0.997,0.96,0.856,0.831,0.681,0.835,0.806,0.779,FB1,sta1,sto1-0.035035035035035036-0.3843843843843843-0.035035035035035036-0.1151151151151151-0.1201201201201201-0.02202202202202202-0.18918918918918917-0.01001001001001001-0.038038038038038034-0.051051051051051045,sto1-0.342-0.112-0.021-0.035-0.104-0.174-0.019-0.075-0.057-0.061,sto1-0.07800000000000001-0.15000000000000002-0.047000000000000014-0.043000000000000003-0.08800000000000001-0.08100000000000002-0.32000000000000006-0.06400000000000002-0.06400000000000002-0.06500000000000002,sto1-0.11100000000000002-0.013000000000000001-0.04200000000000001-0.16900000000000004-0.04800000000000001-0.18200000000000002-0.25300000000000006-0.038000000000000006-0.12300000000000001-0.021000000000000005,sta1,sto1-0.36963036963036966-0.04695304695304696-0.003996003996003997-0.23676323676323677-0.02497502497502498-0.008991008991008992-0.05394605394605395-0.18881118881118883-0.016983016983016987-0.04895104895104896,1,1,1,1,1,1,1,1,1,1,1,1,1,1,1,1,1,1,1,1,mab
