Name,T,0,1,2,3,4,5,6,7,8,9,Defender,Attacker,Profile,Profile,Profile,Profile,Profile,Profile,Obs0,Obs1,Obs2,Obs3,Obs4,Obs5,Obs6,Obs7,Obs8,Obs9,Feed_prob0,Feed_prob1,Feed_prob2,Feed_prob3,Feed_prob4,Feed_prob5,Feed_prob6,Feed_prob7,Feed_prob8,Feed_prob9,Feed_type
Full_feedback,1000,0.757,0.708,0.764,0.986,0.744,0.888,0.875,0.925,0.837,0.711,FB1,sta1,sta1,sto1-0.0009990009990009992-0.025974025974025976-0.0029970029970029974-0.028971028971028975-0.4505494505494506-0.1318681318681319-0.17982017982017984-0.020979020979020983-0.06093906093906094-0.09690309690309691,sto1-0.132-0.201-0.244-0.145-0.009-0.083-0.004-0.021-0.152-0.009,sto1-0.129-0.043-0.141-0.032-0.07-0.31-0.03-0.119-0.071-0.055,sto1-0.2367632367632367-0.02897102897102897-0.16883116883116883-0.21478521478521476-0.21578421578421575-0.02597402597402597-0.009990009990009988-0.005994005994005993-0.05594405594405594-0.03696303696303696,sto1-0.09309309309309308-0.18918918918918917-0.03303303303303303-0.07607607607607607-0.015015015015015013-0.009009009009009007-0.26726726726726724-0.22322322322322322-0.052052052052052045-0.04204204204204204,1,1,1,1,1,1,1,1,1,1,1,1,1,1,1,1,1,1,1,1,full
MAB_feedback,1000,0.757,0.708,0.764,0.986,0.744,0.888,0.875,0.925,0.837,0.711,FB1,sta1,sta1,sto1-0.0009990009990009992-0.025974025974025976-0.0029970029970029974-0.028971028971028975-0.4505494505494506-0.1318681318681319-0.17982017982017984-0.020979020979020983-0.06093906093906094-0.09690309690309691,sto1-0.132-0.201-0.244-0.145-0.009-0.083-0.004-0.021-0.152-0.009,sto1-0.129-0.043-0.141-0.032-0.07-0.31-0.03-0.119-0.071-0.055,sto1-0.2367632367632367-0.02897102897102897-0.16883116883116883-0.21478521478521476-0.21578421578421575-0.02597402597402597-0.009990009990009988-0.005994005994005993-0.05594405594405594-0.03696303696303696,sto1-0.09309309309309308-0.18918918918918917-0.03303303303303303-0.07607607607607607-0.015015015015015013-0.009009009009009007-0.26726726726726724-0.22322322322322322-0.052052052052052045-0.04204204204204204,1,1,1,1,1,1,1,1,1,1,1,1,1,1,1,1,1,1,1,1,mab
