Name,T,0,1,2,3,4,5,6,7,8,9,Defender,Attacker,Profile,Profile,Profile,Profile,Profile,Profile,Obs0,Obs1,Obs2,Obs3,Obs4,Obs5,Obs6,Obs7,Obs8,Obs9,Feed_prob0,Feed_prob1,Feed_prob2,Feed_prob3,Feed_prob4,Feed_prob5,Feed_prob6,Feed_prob7,Feed_prob8,Feed_prob9,Feed_type
Full_feedback,1000,0.903,0.697,0.877,0.779,0.815,0.772,0.855,0.6,0.691,0.914,FB1,sta1,sto1-0.09090909090909091-0.013986013986013988-0.18881118881118883-0.24875124875124877-0.1228771228771229-0.009990009990009992-0.015984015984015987-0.07792207792207793-0.08891108891108891-0.14185814185814186,sta1,sto1-0.266-0.147-0.124-0.084-0.081-0.003-0.073-0.135-0.02-0.067,sto1-0.078-0.225-0.165-0.171-0.075-0.071-0.009-0.004-0.091-0.111,sto1-0.19119119119119118-0.13813813813813816-0.05005005005005005-0.009009009009009009-0.06706706706706707-0.05905905905905905-0.08208208208208209-0.3023023023023023-0.07807807807807808-0.02302302302302302,sto1-0.14514514514514515-0.15915915915915915-0.13913913913913914-0.021021021021021023-0.16616616616616617-0.14414414414414414-0.13813813813813816-0.049049049049049054-0.036036036036036036-0.002002002002002002,1,1,1,1,1,1,1,1,1,1,1,1,1,1,1,1,1,1,1,1,full
MAB_feedback,1000,0.903,0.697,0.877,0.779,0.815,0.772,0.855,0.6,0.691,0.914,FB1,sta1,sto1-0.09090909090909091-0.013986013986013988-0.18881118881118883-0.24875124875124877-0.1228771228771229-0.009990009990009992-0.015984015984015987-0.07792207792207793-0.08891108891108891-0.14185814185814186,sta1,sto1-0.266-0.147-0.124-0.084-0.081-0.003-0.073-0.135-0.02-0.067,sto1-0.078-0.225-0.165-0.171-0.075-0.071-0.009-0.004-0.091-0.111,sto1-0.19119119119119118-0.13813813813813816-0.05005005005005005-0.009009009009009009-0.06706706706706707-0.05905905905905905-0.08208208208208209-0.3023023023023023-0.07807807807807808-0.02302302302302302,sto1-0.14514514514514515-0.15915915915915915-0.13913913913913914-0.021021021021021023-0.16616616616616617-0.14414414414414414-0.13813813813813816-0.049049049049049054-0.036036036036036036-0.002002002002002002,1,1,1,1,1,1,1,1,1,1,1,1,1,1,1,1,1,1,1,1,mab
