Name,T,0,1,2,3,4,5,6,7,8,9,Defender,Attacker,Profile,Profile,Profile,Profile,Profile,Profile,Obs0,Obs1,Obs2,Obs3,Obs4,Obs5,Obs6,Obs7,Obs8,Obs9,Feed_prob0,Feed_prob1,Feed_prob2,Feed_prob3,Feed_prob4,Feed_prob5,Feed_prob6,Feed_prob7,Feed_prob8,Feed_prob9,Feed_type
Full_feedback,1000,0.707,0.83,0.776,0.763,0.999,0.605,0.87,0.779,0.671,0.586,FB1,sta1,sto1-0.034-0.033-0.071-0.32-0.246-0.007-0.075-0.035-0.127-0.052,sta1,sto1-0.02002002002002002-0.14614614614614613-0.08408408408408408-0.057057057057057055-0.17117117117117117-0.04304304304304304-0.06306306306306306-0.10310310310310308-0.11411411411411411-0.19819819819819817,sto1-0.07207207207207207-0.04004004004004004-0.09209209209209208-0.04604604604604604-0.035035035035035036-0.05705705705705706-0.007007007007007007-0.12712712712712712-0.028028028028028028-0.4954954954954955,sto1-0.228-0.037-0.108-0.162-0.08-0.091-0.028-0.131-0.032-0.103,sto1-0.008-0.064-0.221-0.005-0.164-0.258-0.139-0.062-0.03-0.049,1,1,1,1,1,1,1,1,1,1,1,1,1,1,1,1,1,1,1,1,full
MAB_feedback,1000,0.707,0.83,0.776,0.763,0.999,0.605,0.87,0.779,0.671,0.586,FB1,sta1,sto1-0.034-0.033-0.071-0.32-0.246-0.007-0.075-0.035-0.127-0.052,sta1,sto1-0.02002002002002002-0.14614614614614613-0.08408408408408408-0.057057057057057055-0.17117117117117117-0.04304304304304304-0.06306306306306306-0.10310310310310308-0.11411411411411411-0.19819819819819817,sto1-0.07207207207207207-0.04004004004004004-0.09209209209209208-0.04604604604604604-0.035035035035035036-0.05705705705705706-0.007007007007007007-0.12712712712712712-0.028028028028028028-0.4954954954954955,sto1-0.228-0.037-0.108-0.162-0.08-0.091-0.028-0.131-0.032-0.103,sto1-0.008-0.064-0.221-0.005-0.164-0.258-0.139-0.062-0.03-0.049,1,1,1,1,1,1,1,1,1,1,1,1,1,1,1,1,1,1,1,1,mab
