Name,T,0,1,2,3,4,5,6,7,8,9,Defender,Attacker,Profile,Profile,Profile,Profile,Profile,Profile,Obs0,Obs1,Obs2,Obs3,Obs4,Obs5,Obs6,Obs7,Obs8,Obs9,Feed_prob0,Feed_prob1,Feed_prob2,Feed_prob3,Feed_prob4,Feed_prob5,Feed_prob6,Feed_prob7,Feed_prob8,Feed_prob9,Feed_type
Full_feedback,1000,0.883,0.553,0.756,0.584,0.556,0.741,0.62,0.898,0.852,0.713,FB1,sta1,sta1,sto1-0.028-0.024-0.361-0.038-0.17-0.019-0.18-0.021-0.045-0.114,sto1-0.018-0.203-0.052-0.327-0.033-0.194-0.054-0.018-0.023-0.078,sto1-0.23476523476523478-0.2417582417582418-0.018981018981018984-0.019980019980019983-0.012987012987012988-0.16283716283716287-0.020979020979020983-0.07092907092907093-0.2047952047952048-0.01198801198801199,sto1-0.22922922922922923-0.2752752752752753-0.06006006006006006-0.013013013013013013-0.02302302302302302-0.026026026026026026-0.1881881881881882-0.037037037037037035-0.04604604604604604-0.10210210210210209,sto1-0.243-0.026-0.094-0.001-0.153-0.013-0.081-0.017-0.159-0.213,1,1,1,1,1,1,1,1,1,1,1,1,1,1,1,1,1,1,1,1,full
MAB_feedback,1000,0.883,0.553,0.756,0.584,0.556,0.741,0.62,0.898,0.852,0.713,FB1,sta1,sta1,sto1-0.028-0.024-0.361-0.038-0.17-0.019-0.18-0.021-0.045-0.114,sto1-0.018-0.203-0.052-0.327-0.033-0.194-0.054-0.018-0.023-0.078,sto1-0.23476523476523478-0.2417582417582418-0.018981018981018984-0.019980019980019983-0.012987012987012988-0.16283716283716287-0.020979020979020983-0.07092907092907093-0.2047952047952048-0.01198801198801199,sto1-0.22922922922922923-0.2752752752752753-0.06006006006006006-0.013013013013013013-0.02302302302302302-0.026026026026026026-0.1881881881881882-0.037037037037037035-0.04604604604604604-0.10210210210210209,sto1-0.243-0.026-0.094-0.001-0.153-0.013-0.081-0.017-0.159-0.213,1,1,1,1,1,1,1,1,1,1,1,1,1,1,1,1,1,1,1,1,mab
