Name,T,0,1,2,3,4,5,6,7,8,9,Defender,Attacker,Profile,Profile,Profile,Profile,Profile,Profile,Obs0,Obs1,Obs2,Obs3,Obs4,Obs5,Obs6,Obs7,Obs8,Obs9,Feed_prob0,Feed_prob1,Feed_prob2,Feed_prob3,Feed_prob4,Feed_prob5,Feed_prob6,Feed_prob7,Feed_prob8,Feed_prob9,Feed_type
Full_feedback,1000,0.866,0.784,0.99,0.744,0.654,0.734,0.63,0.911,0.585,0.75,FB1,sta1,sto1-0.14985014985014986-0.07092907092907093-0.1208791208791209-0.1188811188811189-0.026973026973026976-0.11788211788211789-0.2197802197802198-0.04095904095904097-0.1058941058941059-0.027972027972027975,sto1-0.016016016016016016-0.1061061061061061-0.003003003003003003-0.0950950950950951-0.13713713713713716-0.012012012012012012-0.11611611611611612-0.2692692692692693-0.1691691691691692-0.07607607607607607,sta1,sto1-0.03596403596403596-0.024975024975024972-0.11688311688311688-0.21178821178821175-0.05494505494505494-0.12287712287712287-0.10189810189810188-0.21278721278721277-0.044955044955044945-0.07292707292707291,sto1-0.17117117117117117-0.02302302302302302-0.07007007007007007-0.06106106106106106-0.15415415415415415-0.015015015015015015-0.11011011011011011-0.027027027027027025-0.13613613613613615-0.23223223223223224,sto1-0.294-0.049-0.192-0.026-0.012-0.127-0.128-0.027-0.075-0.07,1,1,1,1,1,1,1,1,1,1,1,1,1,1,1,1,1,1,1,1,full
MAB_feedback,1000,0.866,0.784,0.99,0.744,0.654,0.734,0.63,0.911,0.585,0.75,FB1,sta1,sto1-0.14985014985014986-0.07092907092907093-0.1208791208791209-0.1188811188811189-0.026973026973026976-0.11788211788211789-0.2197802197802198-0.04095904095904097-0.1058941058941059-0.027972027972027975,sto1-0.016016016016016016-0.1061061061061061-0.003003003003003003-0.0950950950950951-0.13713713713713716-0.012012012012012012-0.11611611611611612-0.2692692692692693-0.1691691691691692-0.07607607607607607,sta1,sto1-0.03596403596403596-0.024975024975024972-0.11688311688311688-0.21178821178821175-0.05494505494505494-0.12287712287712287-0.10189810189810188-0.21278721278721277-0.044955044955044945-0.07292707292707291,sto1-0.17117117117117117-0.02302302302302302-0.07007007007007007-0.06106106106106106-0.15415415415415415-0.015015015015015015-0.11011011011011011-0.027027027027027025-0.13613613613613615-0.23223223223223224,sto1-0.294-0.049-0.192-0.026-0.012-0.127-0.128-0.027-0.075-0.07,1,1,1,1,1,1,1,1,1,1,1,1,1,1,1,1,1,1,1,1,mab
