Name,T,0,1,2,3,4,5,6,7,8,9,Defender,Attacker,Profile,Profile,Profile,Profile,Profile,Profile,Obs0,Obs1,Obs2,Obs3,Obs4,Obs5,Obs6,Obs7,Obs8,Obs9,Feed_prob0,Feed_prob1,Feed_prob2,Feed_prob3,Feed_prob4,Feed_prob5,Feed_prob6,Feed_prob7,Feed_prob8,Feed_prob9,Feed_type
Full_feedback,1000,0.883,0.784,0.957,0.709,0.994,0.722,0.684,0.879,0.652,0.993,FB1,sta1,sto1-0.035-0.106-0.044-0.214-0.035-0.179-0.051-0.129-0.173-0.034,sto1-0.16799999999999998-0.024999999999999994-0.032999999999999995-0.25299999999999995-0.041999999999999996-0.12799999999999997-0.08199999999999999-0.031999999999999994-0.12599999999999997-0.11099999999999997,sto1-0.045-0.058-0.2-0.039-0.046-0.056-0.148-0.011-0.019-0.378,sto1-0.1728271728271728-0.20879120879120877-0.009990009990009988-0.05494505494505494-0.0-0.010989010989010986-0.005994005994005993-0.23276723276723274-0.24675324675324672-0.05694305694305694,sto1-0.004995004995004996-0.15584415584415587-0.14485514485514486-0.15484515484515485-0.05494505494505495-0.10689310689310691-0.18481518481518483-0.003996003996003997-0.12387612387612389-0.06493506493506494,sta1,1,1,1,1,1,1,1,1,1,1,1,1,1,1,1,1,1,1,1,1,full
MAB_feedback,1000,0.883,0.784,0.957,0.709,0.994,0.722,0.684,0.879,0.652,0.993,FB1,sta1,sto1-0.035-0.106-0.044-0.214-0.035-0.179-0.051-0.129-0.173-0.034,sto1-0.16799999999999998-0.024999999999999994-0.032999999999999995-0.25299999999999995-0.041999999999999996-0.12799999999999997-0.08199999999999999-0.031999999999999994-0.12599999999999997-0.11099999999999997,sto1-0.045-0.058-0.2-0.039-0.046-0.056-0.148-0.011-0.019-0.378,sto1-0.1728271728271728-0.20879120879120877-0.009990009990009988-0.05494505494505494-0.0-0.010989010989010986-0.005994005994005993-0.23276723276723274-0.24675324675324672-0.05694305694305694,sto1-0.004995004995004996-0.15584415584415587-0.14485514485514486-0.15484515484515485-0.05494505494505495-0.10689310689310691-0.18481518481518483-0.003996003996003997-0.12387612387612389-0.06493506493506494,sta1,1,1,1,1,1,1,1,1,1,1,1,1,1,1,1,1,1,1,1,1,mab
