Name,T,0,1,2,3,4,5,Defender,Attacker,Profile,Profile,Profile,Profile,Profile,Profile,Profile,Profile,Profile,Profile,Profile,Profile,Profile,Profile,Profile,Profile,Profile,Profile,Profile,Profile,Profile
FB1_vs_usuqr1,100,0.919,0.982,0.808,0.756,0.944,0.864,FB1,suqr1-10.5-0.345,sto1-0.2652652652652653-0.03203203203203203-0.06506506506506507-0.36436436436436437-0.16416416416416418-0.1091091091091091,usuqr1,sto1-0.13300000000000003-0.22100000000000003-0.22500000000000003-0.10600000000000001-0.07700000000000001-0.23800000000000002,sto1-0.103-0.028-0.112-0.474-0.008-0.275,sto1-0.405-0.071-0.043-0.167-0.263-0.051,sto1-0.347-0.04-0.069-0.391-0.047-0.106,sto1-0.108-0.245-0.14-0.137-0.267-0.103,sto1-0.012012012012012012-0.22222222222222224-0.044044044044044044-0.6326326326326326-0.08208208208208209-0.007007007007007007,sto1-0.021000000000000005-0.35300000000000004-0.30200000000000005-0.09000000000000001-0.20800000000000002-0.026000000000000002,sto1-0.027-0.098-0.1-0.236-0.031-0.508,sta1,sto1-0.02302302302302302-0.006006006006006006-0.32832832832832837-0.04504504504504504-0.5425425425425425-0.055055055055055056
FB1_vs_suqr1-10.5-0.345,100,0.919,0.982,0.808,0.756,0.944,0.864,FB1,suqr1-10.5-0.345,suqr1-5.297-0.526,suqr1-8.504-0.21,suqr1-11.209-0.387,sto1-0.2652652652652653-0.03203203203203203-0.06506506506506507-0.36436436436436437-0.16416416416416418-0.1091091091091091,suqr1-10.641-0.163,suqr1-6.458-0.098,suqr1-10.5-0.345,sto1-0.13300000000000003-0.22100000000000003-0.22500000000000003-0.10600000000000001-0.07700000000000001-0.23800000000000002,suqr1-5.359-0.109,sto1-0.103-0.028-0.112-0.474-0.008-0.275,sto1-0.405-0.071-0.043-0.167-0.263-0.051,sto1-0.347-0.04-0.069-0.391-0.047-0.106,suqr1-14.626-0.242,suqr1-10.894-0.322,sto1-0.108-0.245-0.14-0.137-0.267-0.103,sto1-0.012012012012012012-0.22222222222222224-0.044044044044044044-0.6326326326326326-0.08208208208208209-0.007007007007007007,sto1-0.021000000000000005-0.35300000000000004-0.30200000000000005-0.09000000000000001-0.20800000000000002-0.026000000000000002,sto1-0.027-0.098-0.1-0.236-0.031-0.508,sta1,suqr1-6.962-0.411,sto1-0.02302302302302302-0.006006006006006006-0.32832832832832837-0.04504504504504504-0.5425425425425425-0.055055055055055056
