Name,T,0,1,2,3,4,5,Defender,Attacker,Profile,Profile,Profile,Profile,Profile,Profile,Profile,Profile,Profile,Profile,Profile,Profile,Profile,Profile,Profile,Profile,Profile,Profile,Profile,Profile,Profile
FB1_vs_usuqr1,100,0.939,0.76,0.719,0.676,0.922,0.812,FB1,suqr1-5.178-0.784,sto1-0.118-0.081-0.009-0.038-0.264-0.49,sto1-0.237-0.269-0.033-0.056-0.061-0.344,sto1-0.271-0.017-0.143-0.398-0.147-0.024,usuqr1,sto1-0.22022022022022025-0.12312312312312314-0.34934934934934936-0.10710710710710712-0.06306306306306307-0.13713713713713716,sto1-0.036-0.161-0.163-0.26-0.107-0.273,sto1-0.3929999999999999-0.24799999999999994-0.05699999999999999-0.053999999999999986-0.18999999999999995-0.05799999999999999,sta1,sto1-0.20279720279720284-0.17282717282717283-0.03996003996003997-0.19680319680319683-0.08491508491508493-0.3026973026973027,sto1-0.09-0.079-0.338-0.259-0.012-0.222,sto1-0.13786213786213786-0.23176823176823175-0.31468531468531463-0.03696303696303696-0.06493506493506493-0.21378621378621376,sto1-0.218-0.28-0.022-0.147-0.177-0.156
FB1_vs_suqr1-5.178-0.784,100,0.939,0.76,0.719,0.676,0.922,0.812,FB1,suqr1-5.178-0.784,suqr1-14.186-0.2,sto1-0.118-0.081-0.009-0.038-0.264-0.49,sto1-0.237-0.269-0.033-0.056-0.061-0.344,suqr1-5.178-0.784,sto1-0.271-0.017-0.143-0.398-0.147-0.024,suqr1-8.676-0.561,suqr1-7.788-0.381,suqr1-13.115-0.464,sto1-0.22022022022022025-0.12312312312312314-0.34934934934934936-0.10710710710710712-0.06306306306306307-0.13713713713713716,sto1-0.036-0.161-0.163-0.26-0.107-0.273,sto1-0.3929999999999999-0.24799999999999994-0.05699999999999999-0.053999999999999986-0.18999999999999995-0.05799999999999999,suqr1-10.943-0.685,sta1,suqr1-7.838-0.298,sto1-0.20279720279720284-0.17282717282717283-0.03996003996003997-0.19680319680319683-0.08491508491508493-0.3026973026973027,sto1-0.09-0.079-0.338-0.259-0.012-0.222,sto1-0.13786213786213786-0.23176823176823175-0.31468531468531463-0.03696303696303696-0.06493506493506493-0.21378621378621376,suqr1-11.375-0.125,suqr1-5.446-0.883,sto1-0.218-0.28-0.022-0.147-0.177-0.156,suqr1-6.146-0.667
