Name,T,0,1,2,3,4,5,Defender,Attacker,Profile,Profile,Profile,Profile,Profile,Profile,Profile,Profile,Profile,Profile,Profile,Profile,Profile,Profile,Profile,Profile,Profile,Profile,Profile,Profile,Profile
FB1_vs_usuqr1,100,0.892,0.951,0.783,0.928,0.788,0.958,FB1,suqr1-9.893-0.041,sto1-0.01901901901901902-0.6966966966966968-0.07007007007007009-0.03503503503503504-0.10110110110110111-0.07807807807807808,sto1-0.29429429429429427-0.17117117117117117-0.037037037037037035-0.33333333333333337-0.14214214214214213-0.022022022022022022,sta1,sto1-0.514-0.2-0.038-0.113-0.004-0.131,usuqr1,sto1-0.14385614385614387-0.3016983016983017-0.03796203796203797-0.034965034965034975-0.4625374625374626-0.018981018981018984,sto1-0.322-0.386-0.105-0.064-0.055-0.068,sto1-0.11488511488511488-0.13086913086913085-0.011988011988011986-0.24175824175824173-0.05494505494505494-0.4455544455544455,sto1-0.131-0.079-0.242-0.176-0.1-0.272,sto1-0.14-0.162-0.26-0.033-0.04-0.365,sto1-0.23276723276723274-0.06193806193806193-0.6423576423576423-0.010989010989010986-0.049950049950049945-0.001998001998001998,sto1-0.10210210210210209-0.12812812812812813-0.24624624624624625-0.07607607607607607-0.049049049049049054-0.3983983983983984
FB1_vs_suqr1-9.893-0.041,100,0.892,0.951,0.783,0.928,0.788,0.958,FB1,suqr1-9.893-0.041,sto1-0.01901901901901902-0.6966966966966968-0.07007007007007009-0.03503503503503504-0.10110110110110111-0.07807807807807808,sto1-0.29429429429429427-0.17117117117117117-0.037037037037037035-0.33333333333333337-0.14214214214214213-0.022022022022022022,suqr1-7.649-0.024,sta1,sto1-0.514-0.2-0.038-0.113-0.004-0.131,suqr1-9.946-0.722,suqr1-8.562-0.883,suqr1-8.206-0.39,suqr1-8.524-0.474,sto1-0.14385614385614387-0.3016983016983017-0.03796203796203797-0.034965034965034975-0.4625374625374626-0.018981018981018984,sto1-0.322-0.386-0.105-0.064-0.055-0.068,suqr1-14.597-0.828,sto1-0.11488511488511488-0.13086913086913085-0.011988011988011986-0.24175824175824173-0.05494505494505494-0.4455544455544455,suqr1-9.893-0.041,sto1-0.131-0.079-0.242-0.176-0.1-0.272,suqr1-13.071-0.904,sto1-0.14-0.162-0.26-0.033-0.04-0.365,sto1-0.23276723276723274-0.06193806193806193-0.6423576423576423-0.010989010989010986-0.049950049950049945-0.001998001998001998,sto1-0.10210210210210209-0.12812812812812813-0.24624624624624625-0.07607607607607607-0.049049049049049054-0.3983983983983984,suqr1-8.377-0.549,suqr1-10.415-0.38
