Name,T,0,1,2,3,4,5,Defender,Attacker,Profile,Profile,Profile,Profile,Profile,Profile,Profile,Profile,Profile,Profile,Profile,Profile,Profile,Profile,Profile,Profile,Profile,Profile,Profile
FB1_vs_usto1,200,0.772,0.914,0.94,0.758,0.728,0.858,FB1,sto1-0.078-0.123-0.132-0.05-0.436-0.181,suqr1-8.807-0.969,suqr1-9.015-0.592,sta1,suqr1-11.027-0.691,suqr1-7.368-0.012,suqr1-14.274-0.334,usto1,suqr1-9.614-0.191,suqr1-13.714-0.318,suqr1-10.39-0.229
FB1_vs_sto1-0.078-0.123-0.132-0.05-0.436-0.181,200,0.772,0.914,0.94,0.758,0.728,0.858,FB1,sto1-0.078-0.123-0.132-0.05-0.436-0.181,suqr1-8.807-0.969,suqr1-9.015-0.592,sta1,suqr1-11.027-0.691,suqr1-7.368-0.012,suqr1-14.274-0.334,sto1-0.078-0.123-0.132-0.05-0.436-0.181,suqr1-9.614-0.191,suqr1-13.714-0.318,suqr1-10.39-0.229,sto1-0.009990009990009992-0.17382617382617382-0.2247752247752248-0.1098901098901099-0.07892107892107893-0.4025974025974027,sto1-0.014014014014014012-0.16816816816816815-0.34834834834834827-0.03403403403403403-0.3283283283283283-0.1071071071071071,sto1-0.23-0.096-0.02-0.4-0.188-0.066,sto1-0.277-0.062-0.08-0.203-0.14-0.238,sto1-0.035035035035035036-0.1301301301301301-0.4494494494494494-0.051051051051051045-0.3263263263263263-0.008008008008008008,sto1-0.156-0.507-0.125-0.006-0.101-0.105,sto1-0.012012012012012012-0.08708708708708708-0.25825825825825827-0.2692692692692693-0.14814814814814814-0.22522522522522523,sto1-0.02002002002002002-0.015015015015015015-0.44144144144144143-0.056056056056056056-0.11911911911911911-0.3483483483483483,sto1-0.196-0.013-0.025-0.183-0.186-0.397
