Name,T,0,1,2,3,4,5,6,7,8,9,Defender,Attacker,Profile,Profile,Profile,Profile,Profile,Profile,Profile,Profile,Profile,Profile,Profile,Obs0,Obs1,Obs2,Obs3,Obs4,Obs5,Obs6,Obs7,Obs8,Obs9,Feed_prob0,Feed_prob1,Feed_prob2,Feed_prob3,Feed_prob4,Feed_prob5,Feed_prob6,Feed_prob7,Feed_prob8,Feed_prob9,Feed_type
Full_feedback,1000,0.87,0.918,0.996,0.989,0.749,0.833,0.863,0.743,0.771,0.804,FB1,sto1-0.030030030030030026-0.02402402402402402-0.005005005005005005-0.17317317317317313-0.2502502502502502-0.4374374374374374-0.02102102102102102-0.04104104104104104-0.006006006006006005-0.01201201201201201,sto1-0.057-0.099-0.04-0.045-0.348-0.144-0.026-0.077-0.069-0.095,suqr1-11.637-0.089,sto1-0.030030030030030026-0.02402402402402402-0.005005005005005005-0.17317317317317313-0.2502502502502502-0.4374374374374374-0.02102102102102102-0.04104104104104104-0.006006006006006005-0.01201201201201201,suqr1-12.171-0.146,suqr1-13.626-0.965,sta1,sto1-0.028-0.013-0.084-0.049-0.185-0.024-0.271-0.007-0.304-0.035,suqr1-14.584-0.79,sto1-0.009990009990009992-0.2207792207792208-0.059940059940059943-0.1158841158841159-0.2197802197802198-0.08691308691308691-0.2307692307692308-0.016983016983016987-0.007992007992007994-0.03096903096903097,sto1-0.131-0.062-0.202-0.133-0.02-0.224-0.08-0.048-0.023-0.077,suqr1-10.691-0.491,1,1,1,1,1,1,1,1,1,1,1,1,1,1,1,1,1,1,1,1,full
MAB_feedback,1000,0.87,0.918,0.996,0.989,0.749,0.833,0.863,0.743,0.771,0.804,FB1,sto1-0.030030030030030026-0.02402402402402402-0.005005005005005005-0.17317317317317313-0.2502502502502502-0.4374374374374374-0.02102102102102102-0.04104104104104104-0.006006006006006005-0.01201201201201201,sto1-0.057-0.099-0.04-0.045-0.348-0.144-0.026-0.077-0.069-0.095,suqr1-11.637-0.089,sto1-0.030030030030030026-0.02402402402402402-0.005005005005005005-0.17317317317317313-0.2502502502502502-0.4374374374374374-0.02102102102102102-0.04104104104104104-0.006006006006006005-0.01201201201201201,suqr1-12.171-0.146,suqr1-13.626-0.965,sta1,sto1-0.028-0.013-0.084-0.049-0.185-0.024-0.271-0.007-0.304-0.035,suqr1-14.584-0.79,sto1-0.009990009990009992-0.2207792207792208-0.059940059940059943-0.1158841158841159-0.2197802197802198-0.08691308691308691-0.2307692307692308-0.016983016983016987-0.007992007992007994-0.03096903096903097,sto1-0.131-0.062-0.202-0.133-0.02-0.224-0.08-0.048-0.023-0.077,suqr1-10.691-0.491,1,1,1,1,1,1,1,1,1,1,1,1,1,1,1,1,1,1,1,1,mab
