Name,T,0,1,2,3,4,5,6,7,8,9,Defender,Attacker,Profile,Profile,Profile,Profile,Profile,Profile,Profile,Profile,Profile,Profile,Profile,Obs0,Obs1,Obs2,Obs3,Obs4,Obs5,Obs6,Obs7,Obs8,Obs9,Feed_prob0,Feed_prob1,Feed_prob2,Feed_prob3,Feed_prob4,Feed_prob5,Feed_prob6,Feed_prob7,Feed_prob8,Feed_prob9,Feed_type
Full_feedback,1000,0.898,0.958,0.861,0.996,0.833,0.65,0.71,0.812,0.759,0.701,FB1,sto1-0.132-0.01-0.211-0.093-0.021-0.029-0.131-0.201-0.098-0.074,suqr1-6.227-0.356,suqr1-7.043-0.017,sto1-0.039-0.199-0.089-0.089-0.08-0.102-0.029-0.121-0.137-0.115,suqr1-5.118-0.551,suqr1-10.669-0.855,sto1-0.124-0.033-0.079-0.08-0.003-0.167-0.127-0.104-0.086-0.197,suqr1-6.454-0.078,sto1-0.016-0.228-0.067-0.097-0.153-0.094-0.052-0.11-0.139-0.044,sto1-0.062062062062062065-0.04504504504504504-0.1091091091091091-0.05805805805805806-0.33333333333333337-0.018018018018018018-0.007007007007007007-0.031031031031031032-0.24324324324324323-0.09309309309309309,sta1,sto1-0.132-0.01-0.211-0.093-0.021-0.029-0.131-0.201-0.098-0.074,1,1,1,1,1,1,1,1,1,1,1,1,1,1,1,1,1,1,1,1,full
MAB_feedback,1000,0.898,0.958,0.861,0.996,0.833,0.65,0.71,0.812,0.759,0.701,FB1,sto1-0.132-0.01-0.211-0.093-0.021-0.029-0.131-0.201-0.098-0.074,suqr1-6.227-0.356,suqr1-7.043-0.017,sto1-0.039-0.199-0.089-0.089-0.08-0.102-0.029-0.121-0.137-0.115,suqr1-5.118-0.551,suqr1-10.669-0.855,sto1-0.124-0.033-0.079-0.08-0.003-0.167-0.127-0.104-0.086-0.197,suqr1-6.454-0.078,sto1-0.016-0.228-0.067-0.097-0.153-0.094-0.052-0.11-0.139-0.044,sto1-0.062062062062062065-0.04504504504504504-0.1091091091091091-0.05805805805805806-0.33333333333333337-0.018018018018018018-0.007007007007007007-0.031031031031031032-0.24324324324324323-0.09309309309309309,sta1,sto1-0.132-0.01-0.211-0.093-0.021-0.029-0.131-0.201-0.098-0.074,1,1,1,1,1,1,1,1,1,1,1,1,1,1,1,1,1,1,1,1,mab
