Name,T,0,1,2,3,4,5,6,7,8,9,Defender,Attacker,Profile,Profile,Profile,Profile,Profile,Profile,Profile,Profile,Profile,Profile,Profile,Obs0,Obs1,Obs2,Obs3,Obs4,Obs5,Obs6,Obs7,Obs8,Obs9,Feed_prob0,Feed_prob1,Feed_prob2,Feed_prob3,Feed_prob4,Feed_prob5,Feed_prob6,Feed_prob7,Feed_prob8,Feed_prob9,Feed_type
Full_feedback,1000,0.762,0.952,0.935,0.865,0.794,0.983,0.718,0.708,0.957,0.746,FB1,sto1-0.021-0.002-0.119-0.117-0.078-0.078-0.197-0.353-0.008-0.027,suqr1-14.291-0.435,sto1-0.083-0.064-0.055-0.143-0.061-0.024-0.107-0.096-0.053-0.314,suqr1-14.423-0.802,sto1-0.0721442885771543-0.06012024048096192-0.04809619238476954-0.038076152304609215-0.03507014028056112-0.32364729458917835-0.04809619238476954-0.03206412825651302-0.14529058116232463-0.19739478957915832,sto1-0.019019019019019017-0.1081081081081081-0.015015015015015013-0.13913913913913914-0.10210210210210209-0.30730730730730726-0.16316316316316315-0.06906906906906907-0.06106106106106105-0.016016016016016016,sto1-0.223-0.062-0.315-0.015-0.088-0.079-0.01-0.047-0.128-0.033,suqr1-14.572-0.97,suqr1-12.24-0.081,sto1-0.021-0.002-0.119-0.117-0.078-0.078-0.197-0.353-0.008-0.027,sta1,suqr1-13.583-0.103,1,1,1,1,1,1,1,1,1,1,1,1,1,1,1,1,1,1,1,1,full
MAB_feedback,1000,0.762,0.952,0.935,0.865,0.794,0.983,0.718,0.708,0.957,0.746,FB1,sto1-0.021-0.002-0.119-0.117-0.078-0.078-0.197-0.353-0.008-0.027,suqr1-14.291-0.435,sto1-0.083-0.064-0.055-0.143-0.061-0.024-0.107-0.096-0.053-0.314,suqr1-14.423-0.802,sto1-0.0721442885771543-0.06012024048096192-0.04809619238476954-0.038076152304609215-0.03507014028056112-0.32364729458917835-0.04809619238476954-0.03206412825651302-0.14529058116232463-0.19739478957915832,sto1-0.019019019019019017-0.1081081081081081-0.015015015015015013-0.13913913913913914-0.10210210210210209-0.30730730730730726-0.16316316316316315-0.06906906906906907-0.06106106106106105-0.016016016016016016,sto1-0.223-0.062-0.315-0.015-0.088-0.079-0.01-0.047-0.128-0.033,suqr1-14.572-0.97,suqr1-12.24-0.081,sto1-0.021-0.002-0.119-0.117-0.078-0.078-0.197-0.353-0.008-0.027,sta1,suqr1-13.583-0.103,1,1,1,1,1,1,1,1,1,1,1,1,1,1,1,1,1,1,1,1,mab
