Name,T,0,1,2,3,4,Defender,Attacker,Profile,Profile,Profile,Profile,Profile,Profile,Obs0,Obs1,Obs2,Obs3,Obs4,Feed_prob0,Feed_prob1,Feed_prob2,Feed_prob3,Feed_prob4,Feed_type
Full_feedback,1000,0.908,0.749,0.807,0.995,0.785,FB1,sta1,sto1-0.155-0.128-0.147-0.446-0.124,sto1-0.20300000000000004-0.28600000000000003-0.07100000000000001-0.36800000000000005-0.07200000000000001,sta1,sto1-0.52-0.135-0.038-0.029-0.278,sto1-0.17082917082917087-0.2837162837162837-0.028971028971028975-0.08291708291708293-0.4335664335664336,sto1-0.04-0.297-0.282-0.208-0.173,1,1,1,1,1,1,1,1,1,1,full
MAB_feedback,1000,0.908,0.749,0.807,0.995,0.785,FB1,sta1,sto1-0.155-0.128-0.147-0.446-0.124,sto1-0.20300000000000004-0.28600000000000003-0.07100000000000001-0.36800000000000005-0.07200000000000001,sta1,sto1-0.52-0.135-0.038-0.029-0.278,sto1-0.17082917082917087-0.2837162837162837-0.028971028971028975-0.08291708291708293-0.4335664335664336,sto1-0.04-0.297-0.282-0.208-0.173,1,1,1,1,1,1,1,1,1,1,mab
