Name,T,0,1,2,3,4,Defender,Attacker,Profile,Profile,Profile,Profile,Profile,Profile,Obs0,Obs1,Obs2,Obs3,Obs4,Feed_prob0,Feed_prob1,Feed_prob2,Feed_prob3,Feed_prob4,Feed_type
Full_feedback,1000,0.979,0.957,0.833,0.89,0.957,FB1,sta1,sto1-0.055-0.45-0.003-0.136-0.356,sto1-0.086-0.136-0.112-0.013-0.653,sto1-0.114-0.435-0.066-0.083-0.302,sto1-0.36436436436436437-0.25825825825825827-0.05205205205205205-0.23523523523523523-0.09009009009009009,sta1,sto1-0.187-0.143-0.085-0.559-0.026,1,1,1,1,1,1,1,1,1,1,full
MAB_feedback,1000,0.979,0.957,0.833,0.89,0.957,FB1,sta1,sto1-0.055-0.45-0.003-0.136-0.356,sto1-0.086-0.136-0.112-0.013-0.653,sto1-0.114-0.435-0.066-0.083-0.302,sto1-0.36436436436436437-0.25825825825825827-0.05205205205205205-0.23523523523523523-0.09009009009009009,sta1,sto1-0.187-0.143-0.085-0.559-0.026,1,1,1,1,1,1,1,1,1,1,mab
