Name,T,0,1,2,3,4,Defender,Attacker,Profile,Profile,Profile,Profile,Profile,Profile,Obs0,Obs1,Obs2,Obs3,Obs4,Feed_prob0,Feed_prob1,Feed_prob2,Feed_prob3,Feed_prob4,Feed_type
Full_feedback,1000,0.779,0.626,0.887,0.875,0.679,FB1,sta1,sto1-0.59-0.107-0.053-0.219-0.031,sto1-0.2552552552552552-0.15515515515515513-0.015015015015015013-0.13313313313313313-0.4414414414414414,sta1,sto1-0.433-0.083-0.137-0.269-0.078,sto1-0.051051051051051045-0.2172172172172172-0.14214214214214213-0.42542542542542544-0.16416416416416418,sto1-0.076-0.309-0.163-0.065-0.387,1,1,1,1,1,1,1,1,1,1,full
MAB_feedback,1000,0.779,0.626,0.887,0.875,0.679,FB1,sta1,sto1-0.59-0.107-0.053-0.219-0.031,sto1-0.2552552552552552-0.15515515515515513-0.015015015015015013-0.13313313313313313-0.4414414414414414,sta1,sto1-0.433-0.083-0.137-0.269-0.078,sto1-0.051051051051051045-0.2172172172172172-0.14214214214214213-0.42542542542542544-0.16416416416416418,sto1-0.076-0.309-0.163-0.065-0.387,1,1,1,1,1,1,1,1,1,1,mab
