Name,T,0,1,2,3,4,Defender,Attacker,Profile,Profile,Profile,Profile,Profile,Profile,Obs0,Obs1,Obs2,Obs3,Obs4,Feed_prob0,Feed_prob1,Feed_prob2,Feed_prob3,Feed_prob4,Feed_type
Full_feedback,1000,0.86,0.735,0.841,0.706,0.891,FB1,sta1,sto1-0.003-0.232-0.084-0.315-0.366,sto1-0.08-0.431-0.252-0.004-0.233,sto1-0.023976023976023973-0.06593406593406594-0.6863136863136863-0.15884115884115882-0.06493506493506493,sta1,sto1-0.155-0.228-0.075-0.36-0.182,sto1-0.084-0.377-0.018-0.26-0.261,1,1,1,1,1,1,1,1,1,1,full
MAB_feedback,1000,0.86,0.735,0.841,0.706,0.891,FB1,sta1,sto1-0.003-0.232-0.084-0.315-0.366,sto1-0.08-0.431-0.252-0.004-0.233,sto1-0.023976023976023973-0.06593406593406594-0.6863136863136863-0.15884115884115882-0.06493506493506493,sta1,sto1-0.155-0.228-0.075-0.36-0.182,sto1-0.084-0.377-0.018-0.26-0.261,1,1,1,1,1,1,1,1,1,1,mab
