Name,T,0,1,2,3,4,Defender,Attacker,Profile,Profile,Profile,Profile,Profile,Profile,Obs0,Obs1,Obs2,Obs3,Obs4,Feed_prob0,Feed_prob1,Feed_prob2,Feed_prob3,Feed_prob4,Feed_type
Full_feedback,1000,0.64,0.857,0.99,0.703,0.728,FB1,sta1,sto1-0.002-0.228-0.059-0.315-0.396,sto1-0.009-0.156-0.024-0.064-0.747,sta1,sto1-0.091-0.142-0.337-0.237-0.193,sto1-0.29929929929929927-0.22322322322322322-0.33933933933933935-0.11711711711711713-0.021021021021021023,sto1-0.16700000000000004-0.037000000000000005-0.49800000000000005-0.22000000000000003-0.07800000000000001,1,1,1,1,1,1,1,1,1,1,full
MAB_feedback,1000,0.64,0.857,0.99,0.703,0.728,FB1,sta1,sto1-0.002-0.228-0.059-0.315-0.396,sto1-0.009-0.156-0.024-0.064-0.747,sta1,sto1-0.091-0.142-0.337-0.237-0.193,sto1-0.29929929929929927-0.22322322322322322-0.33933933933933935-0.11711711711711713-0.021021021021021023,sto1-0.16700000000000004-0.037000000000000005-0.49800000000000005-0.22000000000000003-0.07800000000000001,1,1,1,1,1,1,1,1,1,1,mab
