Name,T,0,1,2,3,4,Defender,Attacker,Profile,Profile,Profile,Profile,Profile,Profile,Obs0,Obs1,Obs2,Obs3,Obs4,Feed_prob0,Feed_prob1,Feed_prob2,Feed_prob3,Feed_prob4,Feed_type
Full_feedback,1000,0.775,0.874,0.757,0.993,0.741,FB1,sta1,sto1-0.156-0.022-0.078-0.604-0.14,sto1-0.236-0.129-0.438-0.17-0.027,sto1-0.05905905905905905-0.23723723723723722-0.3903903903903904-0.2702702702702703-0.04304304304304304,sta1,sto1-0.13786213786213786-0.3856143856143856-0.020979020979020976-0.3816183816183816-0.07392607392607392,sto1-0.232-0.195-0.073-0.241-0.259,1,1,1,1,1,1,1,1,1,1,full
MAB_feedback,1000,0.775,0.874,0.757,0.993,0.741,FB1,sta1,sto1-0.156-0.022-0.078-0.604-0.14,sto1-0.236-0.129-0.438-0.17-0.027,sto1-0.05905905905905905-0.23723723723723722-0.3903903903903904-0.2702702702702703-0.04304304304304304,sta1,sto1-0.13786213786213786-0.3856143856143856-0.020979020979020976-0.3816183816183816-0.07392607392607392,sto1-0.232-0.195-0.073-0.241-0.259,1,1,1,1,1,1,1,1,1,1,mab
