Name,T,0,1,2,3,4,Defender,Attacker,Profile,Profile,Profile,Profile,Profile,Profile,Obs0,Obs1,Obs2,Obs3,Obs4,Feed_prob0,Feed_prob1,Feed_prob2,Feed_prob3,Feed_prob4,Feed_type
Full_feedback,1000,0.697,0.539,0.766,0.946,0.562,FB1,sta1,sto1-0.028-0.01-0.444-0.051-0.467,sta1,sto1-0.265-0.099-0.043-0.012-0.581,sto1-0.008-0.215-0.646-0.041-0.09,sto1-0.234-0.558-0.058-0.088-0.062,sto1-0.12000000000000001-0.42100000000000004-0.11200000000000002-0.25000000000000006-0.09700000000000002,1,1,1,1,1,1,1,1,1,1,full
MAB_feedback,1000,0.697,0.539,0.766,0.946,0.562,FB1,sta1,sto1-0.028-0.01-0.444-0.051-0.467,sta1,sto1-0.265-0.099-0.043-0.012-0.581,sto1-0.008-0.215-0.646-0.041-0.09,sto1-0.234-0.558-0.058-0.088-0.062,sto1-0.12000000000000001-0.42100000000000004-0.11200000000000002-0.25000000000000006-0.09700000000000002,1,1,1,1,1,1,1,1,1,1,mab
