Name,T,0,1,2,3,4,Defender,Attacker,Profile,Profile,Profile,Profile,Profile,Profile,Obs0,Obs1,Obs2,Obs3,Obs4,Feed_prob0,Feed_prob1,Feed_prob2,Feed_prob3,Feed_prob4,Feed_type
Full_feedback,1000,0.804,0.935,0.892,0.851,0.91,FB1,sta1,sto1-0.088-0.398-0.027-0.114-0.373,sto1-0.237-0.079-0.002-0.642-0.04,sta1,sto1-0.05805805805805806-0.38238238238238237-0.05005005005005005-0.3743743743743744-0.13513513513513514,sto1-0.003-0.355-0.162-0.372-0.108,sto1-0.18718718718718722-0.5275275275275276-0.07407407407407408-0.0870870870870871-0.12412412412412414,1,1,1,1,1,1,1,1,1,1,full
MAB_feedback,1000,0.804,0.935,0.892,0.851,0.91,FB1,sta1,sto1-0.088-0.398-0.027-0.114-0.373,sto1-0.237-0.079-0.002-0.642-0.04,sta1,sto1-0.05805805805805806-0.38238238238238237-0.05005005005005005-0.3743743743743744-0.13513513513513514,sto1-0.003-0.355-0.162-0.372-0.108,sto1-0.18718718718718722-0.5275275275275276-0.07407407407407408-0.0870870870870871-0.12412412412412414,1,1,1,1,1,1,1,1,1,1,mab
