Name,T,0,1,2,3,4,Defender,Attacker,Profile,Profile,Profile,Profile,Profile,Profile,Obs0,Obs1,Obs2,Obs3,Obs4,Feed_prob0,Feed_prob1,Feed_prob2,Feed_prob3,Feed_prob4,Feed_type
Full_feedback,1000,0.782,0.921,0.808,0.823,0.868,FB1,sta1,sto1-0.020000000000000004-0.016000000000000004-0.47300000000000003-0.28400000000000003-0.20700000000000002,sto1-0.04004004004004004-0.2452452452452452-0.06006006006006005-0.3203203203203203-0.3343343343343343,sta1,sto1-0.092-0.134-0.048-0.635-0.091,sto1-0.4029999999999999-0.31999999999999995-0.14599999999999996-0.027999999999999994-0.10299999999999997,sto1-0.295-0.586-0.015-0.067-0.037,1,1,1,1,1,1,1,1,1,1,full
MAB_feedback,1000,0.782,0.921,0.808,0.823,0.868,FB1,sta1,sto1-0.020000000000000004-0.016000000000000004-0.47300000000000003-0.28400000000000003-0.20700000000000002,sto1-0.04004004004004004-0.2452452452452452-0.06006006006006005-0.3203203203203203-0.3343343343343343,sta1,sto1-0.092-0.134-0.048-0.635-0.091,sto1-0.4029999999999999-0.31999999999999995-0.14599999999999996-0.027999999999999994-0.10299999999999997,sto1-0.295-0.586-0.015-0.067-0.037,1,1,1,1,1,1,1,1,1,1,mab
