Name,T,0,1,2,3,4,Defender,Attacker,Profile,Profile,Profile,Profile,Profile,Profile,Obs0,Obs1,Obs2,Obs3,Obs4,Feed_prob0,Feed_prob1,Feed_prob2,Feed_prob3,Feed_prob4,Feed_type
Full_feedback,1000,0.919,0.806,0.983,0.998,0.8,FB1,sta1,sto1-0.253-0.149-0.455-0.139-0.004,sto1-0.11600000000000002-0.05800000000000001-0.19200000000000003-0.28800000000000003-0.34600000000000003,sto1-0.14-0.045-0.16-0.232-0.423,sta1,sto1-0.572-0.01-0.006-0.232-0.18,sto1-0.23323323323323322-0.08708708708708707-0.6236236236236236-0.015015015015015013-0.04104104104104104,1,1,1,1,1,1,1,1,1,1,full
MAB_feedback,1000,0.919,0.806,0.983,0.998,0.8,FB1,sta1,sto1-0.253-0.149-0.455-0.139-0.004,sto1-0.11600000000000002-0.05800000000000001-0.19200000000000003-0.28800000000000003-0.34600000000000003,sto1-0.14-0.045-0.16-0.232-0.423,sta1,sto1-0.572-0.01-0.006-0.232-0.18,sto1-0.23323323323323322-0.08708708708708707-0.6236236236236236-0.015015015015015013-0.04104104104104104,1,1,1,1,1,1,1,1,1,1,mab
